title,date
"Deretan Saham yang Dikoleksi Yusuf Mansur, Yakin nih?",26 August 2021 06:50
"Manuver Yusuf Mansur Borong REAL-BEBS-ZBRA, Cek Jeroannya!",25 August 2021 11:53
"Jumlah Penumpang Drop, Garuda Tunggu Rute Umrah Dibuka",19 August 2021 19:42
"'Tersengat' Yusuf Mansur, Saham REAL Ngamuk Lagi! Nyaris ARA",18 August 2021 10:36
Ini 8 Kabar Pasar yang Patut Disimak untuk Lihat Potensi Cuan,18 August 2021 08:30
Deal! Garuda & Rolls Royce Berdamai atas Gugatan Rp 640 M,17 August 2021 13:28
Luar Biasa! Yusuf Mansur Bangkitkan Saham Gocap dari Tidur,17 August 2021 07:00
"Diborong Yusuf Mansur Rp 30 M, Saham REAL Bangkit dari Kubur",16 August 2021 10:10
"Cek 8 Informasi Penting, Buat Bekal Cari Cuan di Harpitnas",16 August 2021 08:19
"Borong Saham Emiten Harga 'Gocap', Apa Rencana Yusuf Mansur?",16 August 2021 07:20
Tancap Gas! Garuda Finalisasi Business Plan-Restrukturisasi,13 August 2021 19:35
"Rombak Habis Pengurus Garuda, Ini Alasan Utama Erick Thohir",13 August 2021 19:07
"Rombak Direksi & Komisaris, Ini Rencana Garuda Berikutnya!",13 August 2021 18:43
"Gantikan Triawan Munaf, Ini Sosok Timur Sukirno Komut Garuda",13 August 2021 18:40
"Triawan-Yenny Mundur, Ini Daftar Direksi & Komisaris Garuda",13 August 2021 17:05
Mengagetkan! Yenny Wahid Mundur dari Komisaris Garuda,13 August 2021 16:41
"RUPST Garuda Indonesia Hari Ini, Simak Agenda Lengkapnya!",13 August 2021 15:08
"Bukan Garuda, tapi Citilink Bakal Masuk Holding BUMN Aviasi!",13 August 2021 11:30
Bandel! 55 Emiten Ini Belum Setor Laporan Keuangan Maret 2021,10 August 2021 11:15
Sederet Kerja BUMN dalam Vaksinasi demi Herd Immunity 2021,09 August 2021 09:15
Membaik! Rugi Hanggar Pesawat Garuda GMFI di Q1 Berkurang 72%,02 August 2021 10:28
"Deal! Garuda Lolos dari Gugatan Pailit, 9 Pesawat Direlokasi",02 August 2021 09:07
"Masih Rugi di Kuartal I, Garuda Cetak Pendapatan Rp 5,12 T",02 August 2021 07:20
"Cairkan Sinking Fund, Garuda Bayar KIK-EBA Rp 135 M",28 July 2021 11:20
Bank Milik Salim & 16 Emiten Masuk Pemantauan Khusus BEI,27 July 2021 14:16
"Garuda Gelar RUPS Bulan Depan, Komisaris & Direksi Dirombak?",23 July 2021 10:10
"Tambah 3, Ini Daftar 20 Saham Dipantau Khusus BEI, Waspada!",21 July 2021 06:26
"Digugat PKPU My Indo Airlines, Ini Respons Garuda Indonesia",19 July 2021 13:56
"Ditopang Bisnis Kargo, Ini Lapkeu Lengkap Garuda di 2020",19 July 2021 09:15
"Garuda Cetak Pendapatan Rp 20 T di 2020, Jasa Kargo Melonjak!",16 July 2021 12:33
"Minta Bantuan Jokowi, Ini Isi Surat Serikat Karyawan Garuda",15 July 2021 07:00
"Serikat Karyawan Garuda Kirim Surat ke Jokowi, Begini Isinya!",14 July 2021 16:08
"Garuda Berpotensi Tunda Bayar Pokok KIK-EBA, Ini Alasannya!",13 July 2021 10:10
"Didenda KPPU soal Travel Umrah Rp 1 M, Begini Respons Garuda",12 July 2021 10:10
"Pandu Sjahrir: Jika BP Jamsostek Tak di Market, Itu Kerugian!",08 July 2021 14:20
"Lion Air Disebut Nunggak Utang Lessor Rp 7 T, Sinyal Apa Ini?",02 July 2021 12:28
"Mulai Hari Ini, Penumpang Garuda Bisa Dapat Vaksinasi Sinovac",30 June 2021 09:40
"Eks Dirut BEI Kritik BPK, Terkesan Komando Cut Loss 6 Saham",28 June 2021 10:55
"Ini 8 Kabar Heboh dari Pasar, Ada 12 Leasing Gulung Tikar",28 June 2021 08:42
"BRI-BNI-Mandiri Bantu Garuda 'Survive',Tenor Utang Jadi 2026",27 June 2021 07:30
"Komisaris & Dirut Garuda Positif Covid-19, Begini Kondisinya!",26 June 2021 19:50
Menimbang Opsi Penyelamatan Garuda via Restrukturisasi,25 June 2021 14:21
"Diminta BPK Cut Loss, BP Jamsostek Mau Jual Rugi 6 Saham Ini?",24 June 2021 11:35
"Dilarang Terbang ke Hong Kong, Bos Garuda Protes Keras!",23 June 2021 10:32
"Kok Garuda Dilarang Terbang ke Hong Kong, Ada Apa nih?",23 June 2021 09:35
"BPK Minta BP Jamsostek Cut Loss 6 Saham Ini, Cek Faktanya!",23 June 2021 08:40
Alert! BPK Minta BPJS Ketenagakerjaan Cut Loss di Saham Ini,22 June 2021 16:05
"Utang Tembus Rp 70 T, Terungkap 7 Strategi Bertahan Garuda",22 June 2021 15:05
Problem Garuda: Rugi Rp35 T sampai Pensiun Dini 1.099 Pegawai,22 June 2021 13:10
"Debat Panas DPR vs Bos Garuda soal Utang Rp 70 T, Ada Apa?",22 June 2021 12:37
Wah! 5 Advisor Ini Bantu Restrukturisasi Utang Garuda Rp 70 T,22 June 2021 09:55
"Cari Cuan? Simak 10 Kabar Pasar Ini, Merger Axiata-IPO Emas",22 June 2021 08:45
Bos Garuda: Semua Sewa Pesawat Kemahalan!,21 June 2021 19:17
"Berat! Garuda Bakal Tutup Rute Amsterdam, KL & Sydney",21 June 2021 19:04
"Wah! 1.099 Karyawan Garuda Daftar Pensiun Dini, Pilot Sedikit",21 June 2021 18:35
"Kebut Restrukturisasi, Garuda Indonesia Rugi Rp 35 T di 2020",21 June 2021 17:34
Intip 7 Kabar Pasar Ini: Nasib Garuda hingga Pajak Bitcoin cs,21 June 2021 08:35
"Tunda Bayar Sukuk Jatuh Tempo, Saham Garuda Disuspensi BEI",18 June 2021 11:14
"Perbaiki Kinerja, Garuda Tunda Bayar Kupon Sukuk Global",17 June 2021 21:24
Ada Penawaran Khusus dari Garuda Buat Karyawan SKK Migas,17 June 2021 14:47
"Garuda Terima Rp 1 T dari Sri Mulyani, Cuma Cukup untuk Avtur",11 June 2021 10:27
Kerja Keras! Erick Thohir Bentuk Tim Khusus Selamatkan Garuda,10 June 2021 08:50
"Lagi Berhemat, Ini Daftar Penundaan Gaji Karyawan Garuda",09 June 2021 15:35
"Manajemen Fokus Efisiensi, Saham GIAA Terbang Diborong Asing!",09 June 2021 11:23
Ini Strategi Garuda Bayar Utang Gaji Karyawan Rp 333 M,09 June 2021 11:10
Garuda Buka Suara soal Pensiun Dini & Rencana Restrukturisasi,09 June 2021 10:57
"Cari Cuan? Cek Dulu 7 Kabar Pasar Ini, Garuda hingga BIRD",08 June 2021 08:40
Dahlan Iskan Bandingkan Garuda-Thai Airways yang Megap-Megap!,07 June 2021 19:07
"Sedang Sulit, Garuda Pulangkan Dua Boeing 737-800 ke Lessor",07 June 2021 16:10
"Duo Saham MNC & Lippo Liar, Saham 'Partner' Raffi Jeblok",07 June 2021 13:04
"Cermati 8 Kabar Pasar 'Hot' Ini, Ada Garuda hingga PKPU ACES",07 June 2021 08:29
Kisah Utang Garuda Bengkak dari Rp 20 T Menjadi Rp 70 T,05 June 2021 09:49
"Tunda Bayar Kupon Rp 7,25 T, Garuda Pakai Opsi Grace Period",04 June 2021 19:14
"Dua Jempol buat INPC-SRTG, Giliran Saham ANTM-MDKA Ambruk!",04 June 2021 15:59
"Mobilitas Masih Terbatas, Begini Dampaknya ke Kinerja Garuda",04 June 2021 13:30
"Selundup Harley, Eks Bos Garuda Dituntut Penjara 1 Tahun",04 June 2021 13:10
Wamen BUMN: Target Restrukturisasi Utang Garuda Jadi Rp 21 T,04 June 2021 09:31
"Punya Utang Rp 70 T, Bos Garuda: Kami Fokus Pemulihan Kinerja",03 June 2021 19:21
"Wamen BUMN Tiko: Utang Gede, Tiap Bulan Garuda Rugi Rp 1,4 T",03 June 2021 17:00
"Tunjuk Konsultan, Garuda Siap Restrukturisasi Utang Rp 70 T",03 June 2021 16:30
Ini Cerita Utang Garuda Bengkak dari Rp 20 T Jadi Rp 70 T,03 June 2021 14:44
"Direktur Garuda Ungkap 4 Jurus Penyelamatan GIAA, Apa Saja?",02 June 2021 20:35
"Temui Bos Garuda, Ini Saran Rahmat Gobel cs Selamatkan Garuda",02 June 2021 18:35
Yenny Wahid Buka-bukaan Kondisi Garuda: Harus Diselamatkan!,02 June 2021 17:34
"Erick Mau 'Sunat' Beban Garuda, Komut Garuda: Kami Siap!",02 June 2021 17:02
Erick Thohir Bakal Pangkas Jumlah Komisaris Garuda,02 June 2021 11:47
Bos Garuda: Gaji Direksi-Komisaris di Mei Dibayar Juni Ini,02 June 2021 11:44
"Bantu Garuda, Komisaris Ini Ajukan Setop Pembayaran Gajinya",02 June 2021 10:05
Jagad Twitter Ramai! Putri Gus Dur Upayakan Garuda Tak Pailit,31 May 2021 12:47
Blak-blakan Dirut Garuda Soal Wacana Pensiun Dini Karyawan,30 May 2021 19:30
"Terkuak! Fakta-fakta Sosok Abdee Slank, Komisaris Baru Telkom",30 May 2021 07:23
Masih Ada Asa! Begini Strategi Bertahan Garuda Indonesia,28 May 2021 17:15
"Maskapai 'Amputasi' Karyawan, Perusahaan Kecil Bergelimpangan",25 May 2021 16:55
"Saham Emiten Pengembang Lido Jawara, Giliran Duo Baja Merana",25 May 2021 12:36
"Simak 9 Informasi Penting Ini, Sebelum Berburu Cuan",25 May 2021 08:53
"Rumahkan Karyawan, Sriwijaya Air Tawarkan Resign Sukarela?",24 May 2021 19:07
"Soal Pensiun Dini Karyawan, Bos Garuda Buka-bukaan Alasannya",24 May 2021 18:20
Cek 9 Kabar Emiten: Pensiun Dini Garuda-Klub Bola IPO di BEI,24 May 2021 08:08
Garuda Indonesia Tawarkan Pensiun Dini Buat Karyawan,21 May 2021 13:40
Chairul Tanjung Borong Lagi Saham Garuda Rp 317 M,11 May 2021 09:35
"Lion Bantah, Super Air Jet Seberapa Super Maskapai Baru Ini?",04 May 2021 16:40
Mau Terbang Pakai Garuda 6-17 Mei? Simak Dulu Syaratnya,03 May 2021 17:48
"Tak Ada Kabar & Kesulitan Keuangan, Bagaimana Nasib Merpati?",30 April 2021 07:48
"Damai dengan 'KPPU' Australia, Garuda Bayar Denda Rp 215 M",21 April 2021 10:35
Rame Nih! BKSL Jual Mal AEON Hingga Grab Resmi Borong EMTK,20 April 2021 08:28
"GIAA Sepakat Damai dengan 'KPPU' Australia, Ini Perkaranya",19 April 2021 20:07
"BCA Sekuritas Mau Masuk FREN, Jerry Ng Buka Suara soal BFIN",19 April 2021 09:23
"Penerbangan Haji Dibuka, Begini Persiapan Garuda",16 April 2021 16:45
"Tak Ada Mudik 2021, Garuda Genjot Angkutan Kargo",16 April 2021 16:25
"Kalau Ngomongin Utang, Ternyata BUMN Rajanya",16 April 2021 15:15
"Cek 9 Informasi Penting Ini, Panduan Buat Transaksi Hari Ini",13 April 2021 08:35
"Waspada! 59 Emiten Ini Dapet 'Tato' Bursa, Saham Kamu Bukan?",13 April 2021 07:10
"32 Emiten Ekuitas Negatif 'Ditato' BEI, AirAsia-Bakrie Masuk!",12 April 2021 18:55
"Harta Crazy Rich RI Berlimpah Ruah, Ternyata ini Rahasianya",08 April 2021 15:06
"FTSE Kocok Ulang Penghuni Indeks, Bagaimana Nasib Saham RI?",23 March 2021 11:54
"Apa Kabar Saham-saham Mansurmology, Sudah Cuan Berapa ya?",18 March 2021 13:20
"Digadang-gadang Jadi Bos BTN, Simak Profil 4 Orang Bankir Ini",10 March 2021 11:33
Awas Jangan Korupsi! 27 BUMN Ini Sudah Diawasi KPK,02 March 2021 17:53
"Akhir Pekan, Jangan Ketinggalan Cek Saham Potensi Cuan Ini!",26 February 2021 08:22
"Heboh Maskapai Dunia Kandangkan Boeing 777, Garuda Bagaimana?",23 February 2021 12:08
Saat Jokowi Bilang RI Terlambat Punya SWF,17 February 2021 09:25
Bukti Konkret SWF INA Jokowi Laris Manis Tanjung Kimpul!,16 February 2021 14:49
"SWF Jokowi Full Team, Saham Emiten Konstruksi Ngamuk!",16 February 2021 11:42
"Umumkan Nama Direksi, Jokowi 'Pede' INA Jadi SWF Kelas Dunia!",16 February 2021 10:55
"Ridha Jadi CEO, Ini Profil Lengkap 5 Direksi SWF Jokowi",16 February 2021 10:50
Resmi Dilantik! Ini Dia 5 Direksi SWF Jokowi,16 February 2021 10:32
Mantap! Jokowi Bakal Perkenalkan Jajaran Dewan Direksi SWF,16 February 2021 08:30
"Cerita Lengkap Garuda & Bombardier, Hingga Tanggapan NAC",12 February 2021 15:35
Menakjubkan! Garuda Sewa Bombardier di Atas Harga Sewa Pasar,12 February 2021 13:45
"Usai Kembalikan 12 Pesawat Bombardier, Ini Rencana Garuda",11 February 2021 19:35
"Garuda Bakal Kembalikan 12 Bombardier, Begini Kata NAC",11 February 2021 19:28
"Bos Garuda Sebut Bombardier Tak Cocok Dipakai di RI, Kenapa?",11 February 2021 19:00
Duduk Perkara Erick Kirim Balik 12 Bombardier CRJ 1000 Garuda,11 February 2021 09:35
"Suap & Rugi Ratusan Miliar, Garuda Kembalikan 12 Bombardier",11 February 2021 09:04
Cerita Lengkap Soal Aroma Suap Pesawat Bombardier Garuda,10 February 2021 17:13
Bos Garuda Sebut Rugi Rp 419 M Tiap Tahun Gunakan Bombardier,10 February 2021 15:50
Suap! Alasan Erick Kembalikan 12 Pesawat Bombardier Garuda,10 February 2021 15:36
Wah! Erick Bongkar Garuda Sewa Bombardier yang Tak Efisien,10 February 2021 15:31
Ini Alasan Lengkap Garuda Kembalikan 12 Pesawat Bombardier,10 February 2021 14:27
Cair! Sri Mulyani Transfer Dana PEN buat Garuda Rp 1 T,09 February 2021 14:27
"Baca Dulu 9 Informasi Ini, Penting untuk Pertimbangan Trading",09 February 2021 08:26
"Walah 66 Emiten Kena 'Tato' Bursa, Grup Bakrie hingga AirAsia",08 February 2021 13:25
Onde Mande! Garuda Angkut 33 Ton Manggis dari Padang ke China,05 February 2021 10:08
"Ada Kabar Oke dari Wamen BUMN, Saham ANTM-TINS-INCO kok Drop?",03 February 2021 07:49
"Ssst.. Yang Mau Liburan ke Bali, Maskapai Ini Beri Diskon 60%",28 January 2021 13:27
"Saham Mau Ijo-Merah, Ini Prinsip Penganut Aliran Mansurmology",26 January 2021 11:13
"'Dibeking' Yusuf Mansur & LKH, Saham Grup MNC Terbang!",20 January 2021 12:48
Ciee...Yusuf Mansur Ikut Lo Kheng Hong Borong Saham Grup MNC,20 January 2021 08:35
Deretan Saham 'Pelat Merah' yang Bikin Bangga Wamen BUMN,14 January 2021 19:07
"Harley & Brompton Eks Bos Garuda Belum Dilelang, Ada Apa Ya?",08 January 2021 19:00
Negara Sudah Gelontorkan Rp 75 T ke Para BUMN di 2020,08 January 2021 18:40
"Garuda Restrukturisasi Utang ke AP & Pertamina, Berapa ya?",06 January 2021 15:56
Saat Lo Kheng Hong Terusik Rekomendasi Saham Influencer,05 January 2021 14:03
"Dear Investor, Ini Rentetan Mega Aksi Korporasi Emiten, Simak",04 January 2021 07:08
"Waskita Jual 11 Ruas Tol, Crazy Rich RI Ini Masuk Bisnis Emas",30 December 2020 11:24
Bingung Pilih Saham Apa di Hari Terakhir? Ini Rekomendasinya,30 December 2020 08:17
"Sah! Wika Realty Jadi Holding Hotel BUMN, Kelola 22 Hotel",29 December 2020 15:48
"Merger ISAT-Tri Tinggal Kedip, Garuda 'Disuntik' Sri Mulyani",29 December 2020 09:05
"Sst... Asing Kabur di 10 Saham Ini Kemarin, Hari Ini Piye?",29 December 2020 06:38
Penonton Kecewa! Holding BUMN Pariwisata Tertunda Sampai 2021,28 December 2020 19:59
"Dapat Dana Rp 1 T Dari Sri Mulyani, Garuda Mau Ngapain?",28 December 2020 19:35
Cair! Garuda Dapat 'Suntikan' OWK Rp 1 T dari Sri Mulyani,28 December 2020 18:20
"'Suntikan' Obligasi Konversi Rp 11,5 T KRAS-Garuda Siap Cair",28 December 2020 15:51
"Pahala Jadi Wamen BUMN, Dihubungi Langsung oleh Erick Thohir",23 December 2020 12:40
"Dapat Wejangan Jokowi, Pahala Siap Geber Transformasi BUMN",23 December 2020 12:25
"Gantikan BGS Jadi Wamen BUMN, Ini Rekam Jejak Pahala Mansury",23 December 2020 07:30
"Garuda Batal Terbang ke Jeddah, Nasib Penumpang Gimana?",21 December 2020 16:30
"Arab Setop Semua Penerbangan, Garuda Batal ke Jeddah",21 December 2020 13:19
"Gojek Caplok 22% Saham Bank Jago, Tokopedia Siap IPO Rp 14 T",21 December 2020 09:27
Garuda Perpanjang Jatuh Tempo Utang Mandiri Jadi Maret 2021,18 December 2020 08:00
Bos Garuda Buka-bukaan soal Distribusi Vaksin Covid-19 RI,17 December 2020 10:48
"Pekan Depan, Dana Suntikan Garuda via MCB Rp 8,5 T Siap Cair!",15 December 2020 15:58
"Garuda Nego Ulang 67 Pesawat Boeing-Airbus, Order Batal nih?",15 December 2020 14:18
"Target Rp 8,5 T, Garuda Siap Rilis Obligasi Konversi Bertahap",15 December 2020 09:15
Kabar Baik! Jurus Sri Mulyani Bikin Properti Bakal Cuan 2021,14 December 2020 09:23
"Disuntik 1,2 Juta Vaksin Corona, Bak Superman IHSG Terbang 2%",12 December 2020 12:45
Kabar Baik! Kredit BTN di November Mulai Menggeliat 1%,10 December 2020 17:45
Yusuf Mansur Bantah Pom-pom Saham Sampai Kena ARA,10 December 2020 17:10
"Awas Habis Tenaga, Sesi II IHSG Bisa Longsor",08 December 2020 13:25
"Asing Kabur Rp 540 M, Ambil Untung Setelah Isu Vaksin Lenyap",08 December 2020 13:21
"Efek Vaksin Cuma Sehari, IHSG Cuma Naik 0,15% & Asing Kabur",08 December 2020 11:42
"Yuk Simak, Banyak Perusahaan yang Gelar Aksi Korporasi Nih!",08 December 2020 08:57
"Bak 'Tahu Bulat Digoreng Dadakan', 14 Saham Kena Auto Reject",08 December 2020 07:43
"IHSG Terbang 2%, 5 Saham Ini Diborong Asing!",08 December 2020 06:44
"Vaksin Sinovac Datang, Pengusaha Pede 2021 Ekonomi Bangkit!",07 December 2020 19:40
"Vaksin Sinovac Tiba di RI, Harga SBN Melemah Usai Rilis Cadev",07 December 2020 18:22
Barokah Vaksin Corona!  Bikin IHSG Terbang 2% Lebih,07 December 2020 15:29
"Maaf! 1,2 Juta Vaksin Corona Sinovac Tak Buat Peserta Mandiri",07 December 2020 14:12
"IHSG Tembus 5.900, Siap-siap Bakal ke Level 6.000 Nih?",07 December 2020 12:28
"IHSG Melesat 1,7% di Sesi 1 Sambut Kedatangan Vaksin Sinovac",07 December 2020 11:48
Cerita Jatuh Bangun Menlu Retno Bawa Vaksin China ke RI,07 December 2020 10:32
Vaksin Sinovac Bikin IHSG 'Pesta Pora' & Asing Borong Saham,07 December 2020 10:17
"Saham Farmasi Bergerak Liar, Respons Kedatangan Vaksin Covid",07 December 2020 10:12
"Belum 5 Menit, Asing Borong Saham di Bursa RI Rp 100 M Lebih",07 December 2020 09:32
"Vaksin Jadi Booster IHSG, Investor Kalap & 'Panic Buying'",07 December 2020 09:13
"Vaksin Covid Tiba di Tanah Air, Langsung Angkat IHSG 1% Lebih",07 December 2020 09:03
"Good News dari Pak Jokowi, Welcome 1,2 Juta Vaksin Sinovac",07 December 2020 08:50
"Pernyataan Lengkap Jokowi Sambut 1,2 Juta Vaksin Sinovac",06 December 2020 22:15
"Jokowi: 1,2 Juta Vaksin Sinovac Sudah Tiba di Indonesia",06 December 2020 21:58
Harapan Baru! Vaksin Covid-19 Tiba di Indonesia Malam Ini,06 December 2020 21:42
Mau Tahu Saham Jawara & Pecundang Sepekan? Ini Daftarnya,05 December 2020 15:12
"Disuntik Modal dari Negara, Saham KRAS & GIAA Lari Kencang",03 December 2020 12:18
"Berbagi Cuan, Netizen Beri Sedekah untuk Yayasan Yusuf Mansur",03 December 2020 12:13
Intip Saham Pencetak Cuan di Musim Window Dressing,02 December 2020 08:36
Happy Monday! Pantau Dulu 8 Kabar Pasar 'Hot' Ini,23 November 2020 07:52
"Omzet Ambles 23%, Begini Upaya UMKM Biar Selamat dari Corona",22 November 2020 09:20
"Kala Yusuf Mansur Main Saham BRIS & Garuda, Bidik Mana Lagi?",21 November 2020 10:22
"Gokil! Garuda Kasih Tiket Mulai Rp 500 Ribuan, Ada 20 Rute",20 November 2020 16:21
"Dapat Suntikan Rp 8,5 T, Bos Garuda Lega Bisa Cepat Recovery",20 November 2020 15:18
"Diangkat Jadi Dirkeu Garuda, Ini Sederet Tugas Prasetio",20 November 2020 15:02
"Di AS Bisa Mengudara, Kapan 737-Max Garuda Terbang Lagi?",20 November 2020 13:23
"Jadi Dirkeu Baru Garuda, Siapa Sebenarnya Prasetio?",20 November 2020 12:27
"Tok! Garuda Kantongi Restu Penerbitan MCB Rp 8,5 T",20 November 2020 11:30
"Sah! Erick Rombak Direksi Garuda, Dirkeu Fuad Rizal Dicopot",20 November 2020 11:00
"Erick Rombak Pengurus Garuda Siang Ini, Saham GIAA Mulai Liar",20 November 2020 10:04
"Ajak Anak Muda Melek Saham, Ini 3 Sektor Pilihan Yusuf Mansur",19 November 2020 10:32
Pak Erick Gak Ngadi-ngadi! Saham BUMN Memang Sedang Hot,19 November 2020 09:31
"Bukan ANTM & INCO, Ternyata Ini Saham Paling Cuan Kemarin!",19 November 2020 06:59
"10 Saham Paling Rame Ditransaksikan, BUMN Sapu Bersih!",19 November 2020 06:02
Tambahan Modal untuk GIAA & KRAS Diputuskan Pekan Depan,16 November 2020 17:23
Saham Jalan Tol Ngamuk! Efek Yusuf Mansur atau Joglosemar?,16 November 2020 12:22
Deretan Saham Pilihan di Awal Pekan: TINS hingga TLKM,16 November 2020 08:28
"Usai BRI Syariah & Garuda, Yusuf Mansur Bidik Saham-saham Ini",16 November 2020 07:30
"10 Saham Ini ""Kesetanan"" Pekan Lalu, Ada 5 BUMN Gengs!",16 November 2020 06:45
"Holding Pariwisata Bikin Garuda Terbang, Masuk Top Gainers",14 November 2020 13:05
"Simak 7 Kabar Pasar, Ada Kasus Jouska yang Ramai Lagi",13 November 2020 08:47
"Saham Garuda Terbang, Yusuf Mansur: Masya Allah Seneng Banget",12 November 2020 14:16
"Ngamuk! Saham Garuda & GMF Aero Kompak Meroket 15%, Ada Apa?",12 November 2020 13:31
"Heboh Skandal Pesawat Bombardier, Begini Penjelasan Garuda",11 November 2020 12:28
"Gokil! Efek Vaksin Pfizer, Saham KAEF sampai Kalbe Pesta Pora",10 November 2020 10:38
"Perhatian! Tol Bandara Soetta Macet, Penerbangan Delay 4 Jam",10 November 2020 09:17
"Tol Bandara Macet, Refund & Reschedule Tiket Garuda Gratis",10 November 2020 09:02
"Status Meikarta PKPU, Babak Baru Raibnya Dana Nasabah Maybank",10 November 2020 08:15
"10 Saham BUMN Ini Ngamuk, Efek Mansurmologi atau Erickmologi?",10 November 2020 07:55
"Diselidiki KPK-nya Inggris, Begini Penjelasan Emirsyah Satar",09 November 2020 20:45
"Saham Garuda Terbang 5% Lebih, Mau di Take Over Yusuf Mansur?",09 November 2020 14:31
Simak 7 Kabar untuk Panduan Kejar Cuan Awal Pekan Ini,09 November 2020 08:58
"Berkah Saham BRIS, Next Yusuf Mansur Siap Borong Saham Apa?",09 November 2020 08:21
"Yusuf Mansur Lepas Saham BRIS, Masya Allah Berapa Cuannya?",08 November 2020 14:57
"Biar Tetap Terbang, Garuda Layani Kargo Denpasar-Hong Kong",07 November 2020 19:55
Begini Kronologi Dugaan Korupsi Beli Bombardier Oleh Garuda,06 November 2020 18:30
Bos Garuda Angkat Bicara Soal Suap Pembelian Bombardier,06 November 2020 16:47
"Sarat Korupsi, Erick Mau Revisi Kontrak Garuda-Bombardier",06 November 2020 15:58
"Pandemi Covid-19, Bikin Garuda Rugi Lagi Rp 15 T di Q3-2020",06 November 2020 14:48
Bos Garuda: Holding BUMN Aviasi-Pariwisata Kelar Akhir 2020,04 November 2020 13:47
Siap-siap! Erick Bakal Rombak Lagi Manajemen Garuda,30 October 2020 11:10
"700 Karyawan Putus Kontrak, Ini Penjelasan Bos Garuda",27 October 2020 13:40
Bos Garuda Buka-bukaaan Soal Bisnis Kargo yang Membeludak,27 October 2020 09:22
"Bertahan Hidup, Anak Usaha Garuda Masuk Bisnis Gas Turbin",22 October 2020 11:23
Cerita Wamen BUMN 'Bersih-bersih' Garuda Saat Covid-19,20 October 2020 16:18
Terungkap! BUMN Ini yang Paling Sengsara Kena Efek Covid-19,20 October 2020 12:09
"Rilis OWK Rp 11,5 T, Begini Skema Dilusi Saham Garuda & KRAS",16 October 2020 09:05
"Garuda Rilis OWK Rp 8,5 T, Siap-siap Saham Publik Terdilusi",15 October 2020 14:25
"Saham Garuda & KRAS Melesat, Masih Menarik untuk Diserok?",15 October 2020 13:43
"Mega Merger Chandra Asri, China-Korea Bikin Pabrik Baterai RI",15 October 2020 08:40
"Buat Bertahan Hidup, Garuda Butuh Suntikan Modal Rp 8,5 T",14 October 2020 17:15
"Suntikan Rp 11,5 T Siap Cair, Garuda & KRAS Gelar RUPSLB",14 October 2020 16:10
Mau Trading di Awal Pekan? Cek Dulu Gengs 8 Kabar Pasar Ini,12 October 2020 08:14
"Mau Diskon Tiket 45% Garuda Indonesia, Begini Caranya!",09 October 2020 15:25
"Diguyur Rp1 T dari LPEI, Garuda Indonesia Ekspansi Rute Kargo",09 October 2020 13:23
"Garuda Indonesia Dapat Kredit Rp 1 T dari LPEI, Buat Apa?",09 October 2020 08:45
"QNB Gugat Bosowa, Rights Issue Jumbo Grup Bakrie",07 October 2020 08:00
Bos Garuda: Industri Penerbangan Baru Pulih 2024,06 October 2020 13:17
"Sewa Pesawat Mahal, Garuda Negosiasi dengan 31 Lessor",05 October 2020 08:05
Skandal Brompton-Harley Sudah Sampai Mana? Ini Updatenya,03 October 2020 20:30
Benarkah Merpati Tak Akan Pernah Terbang Lagi?,30 September 2020 16:02
"Dikebut, Holding Garuda-Angkasa Pura Bakal Rampung Q2-2022",16 September 2020 16:37
"Garuda Tunggu Pinjaman Rp 8,5 T Cair, Kenapa Lama?",16 September 2020 11:22
Apakah Ini Dua Calon Kuat yang Bakal Jadi Dirut Bank Mandiri?,10 September 2020 18:01
Garuda & Citilink Sudah Buka Penerbangan ke China,02 September 2020 08:53
Simak! Ini 10 Kabar yang Pengaruh ke Keputusan Investasi Anda,02 September 2020 08:28
"Garuda Bakal Hapus Penerbangan Transit, Ada Apa?",01 September 2020 17:41
"Pandemi Bikin Kacau, Ini Strategi Garuda Demi Survive",24 August 2020 08:35
"Erick Mau Gabungkan BUMN Pariwisata, Ini Respons Garuda",23 August 2020 07:15
"Terancam Bangkrut, Ini Deretan Maskapai RI yang Lakukan PHK",14 August 2020 11:28
"'Perang' Lawan Resesi, Bos BTN Buka-bukaan Likuiditas Bank RI",14 August 2020 07:56
"Otomotif, Semen & Transportasi Dihajar Covid, Begini Sahamnya",06 August 2020 13:38
Siap-siap! Jokowi Segera Lebur BUMN Penerbangan & Pariwisata,06 August 2020 10:52
"Usai Merugi, Bos Garuda Beberkan Strategi Pulihkan Kinerja",04 August 2020 10:38
"Belum Bisa Terbang Tinggi, Garuda Rugi Lagi",02 August 2020 20:06
"Himbara Sudah Salurkan Rp 32 T, Laba BCA Capai Rp 12,2 T",28 July 2020 09:20
"Siap Bayar KIK-EBA, Begini Penjelasan Bos Garuda",27 July 2020 15:36
"Potong Gaji Karyawan, Bos Garuda Kaget dengan BUMN Lain",24 July 2020 18:29
"Ini 7 Kabar Pasar: Garuda Siap Rilis MCB, Bentjok Dipolisikan",17 July 2020 08:36
Ini Kata Erick Thohir Soal MCB Garuda & KRAS Senilai Rp 11 T,16 July 2020 16:01
"Garuda Dapat Restu Rilis MCB Rp 8,5 T, Buat Apa Dananya?",16 July 2020 14:07
"Bakal Dapat Pinjaman Triliunan, Saham KRAS & Garuda Terbang",16 July 2020 10:02
Simak Kabar Aksi Korporasi dari Indofood hingga Garuda,16 July 2020 08:54
"Gegara Corona, Ini Daftar Maskapai yang Diselamatkan Negara",15 July 2020 19:25
"Sah! DPR Setujui Garuda & KRAS Terbitkan MCB Rp 11,5 T",15 July 2020 18:38
"Tok! DPR Restui Kucuran Dana Rp 151,1 T ke BUMN Ini",15 July 2020 18:19
"Garuda Hingga KRAS, 5 BUMN Ini Dapat Pinjaman Rp 19,6 T",15 July 2020 15:25
DPR Panggil Erick Thohir Bahas Dana Talangan Hingga PMN 2020,15 July 2020 14:11
"Kas Seret, Bos Garuda Sebut Utang Tembus Rp 18 T",15 July 2020 11:05
"12 Emiten Sinar Mas Jadi 'Rebutan', OJK Uji Tuntas Cathay",15 July 2020 09:23
DPR Panggil Bos BUMN Penerima Suntikan Modal Rp 143 T,14 July 2020 20:21
"Garuda Minta Dana Talangan via Obligasi Konversi Rp 8,5 T",14 July 2020 16:10
"Situasi Berat, Garuda Tunda Beli 4 Airbus & Cancel 49 Boeing",14 July 2020 16:00
"Bantu Ekstradisi Maria Pauline Lumowa, Ini Cerita Bos Garuda",14 July 2020 15:02
Bos Garuda: 400 Pegawai Ambil Tawaran Pensiun Dini,14 July 2020 13:02
"Erick Thohir Diam-diam ke KPK, Demi Jaga Rp 143 T Dana BUMN",11 July 2020 18:40
"Tak Jelas, Kasus Brompton & Harley Eks Bos Garuda Apa Kabar?",10 July 2020 15:03
"Erick Thohir, KPK, dan Pengamanan Uang Rp 143 T",10 July 2020 08:10
"5 Saham Ini Meroket Saat IHSG Merah, KRAS & Garuda Terbang",09 July 2020 17:15
"Sesi I Mantap Menguat, Sesi II IHSG Masih Bertenaga",09 July 2020 13:01
"Diam-diam ke KPK, Ini Daftar BUMN yang Dikawal Erick Thohir",09 July 2020 06:33
Jreeeng... Diam-diam Erick Thohir Sambangi KPK Demi Rp 143 T,08 July 2020 17:27
"Erick Thohir ke KPK, Konsultasi Dana PEN untuk BUMN Rp 143 T",08 July 2020 15:18
Bos Garuda: Banyak Orang Menari di Atas Penderitaan Kami,07 July 2020 18:44
Kemenhub Sebut Maskapai Minta Pembiayaan Rapid Test Penumpang,07 July 2020 17:08
Bos Garuda Ramal Kinerja Q2 Makin Buruk,06 July 2020 15:43
"Soal Maskapai RI, Erick Thohir: Saya Tidak Anti Lion Air!",03 July 2020 14:35
"Erick Thohir Bicara Maskapai RI, Monopoli Hingga Tiket Mahal",03 July 2020 13:31
Badai PHK Mulai Menghantam Industri Penerbangan RI,03 July 2020 09:36
"1 Penumpang di Garuda Meninggal Dunia, Ini Kronologinya",03 July 2020 07:55
"Selain Lion, Maskapai RI Ramai-ramai Pangkas Karyawan",02 July 2020 17:21
"1 Penumpang Meninggal Dunia di Pesawat, Ini Penjelasan Garuda",02 July 2020 14:38
"Deretan Saham Ini Menguat, IHSG Sesi II Bakal Menghijau",02 July 2020 13:07
"Semester I-2020, Semua Saham BUMN Merah & Ada yang Drop 52%",02 July 2020 10:14
"Jababeka Rugi, Garuda Rugi, Laba KFC Ambles di Q1",02 July 2020 08:25
"Mau ke Jakarta, Garuda Terperosok di Bandara Hasanuddin",01 July 2020 22:33
"Baru Saja Untung, Garuda Merugi Lagi di Q1-2020 karena Covid",01 July 2020 18:48
"Gelombang PHK Hantui Maskapai RI, Ini Tanda-tandanya",01 July 2020 10:35
"Wall Street Hijau, IHSG Siap-siap Rebound Menuju 4.970",30 June 2020 08:25
"Dinyatakan Bersalah soal Tarif, Garuda Ikut Putusan KPPU",26 June 2020 08:10
"Pengusaha: BUMN Mudah Dapat Triliunan, Swasta Survive Sendiri",24 June 2020 11:58
"7 BUMN Tekor Ini Disentil Sri Mulyani, 2 Mulai Cetak Laba Nih",23 June 2020 14:55
"BUMN Dapat Rp 143,6 T, Setoran Dividen Tahun Depan akan Seret",23 June 2020 10:54
"DPR Panggil Bos-bos BUMN, Bahas Dana PEN Rp143,63 Triliun",22 June 2020 16:21
SMGR Banting Tulang hingga Penyelamatan Jiwasraya,22 June 2020 08:25
"Garuda akan Buka Penerbangan Langsung ke AS, Prancis & India",19 June 2020 16:23
"Penumpang Gak Nyaman, Garuda Siap Sesuaikan Jadwal Terbang",19 June 2020 16:13
"67 Emiten Siap Buyback Rp 19,6 T, Astra Tunjuk Presdir Baru",17 June 2020 08:56
"Dapat Restu, Sukuk Garuda Rp 7,5 T Jatuh Tempo Jadi 2023",16 June 2020 11:25
"Kondisi Belum Normal, Garuda Pangkas Gaji 7.184 Karyawan",16 June 2020 09:22
"Astra Ganti Direksi Hari Ini, Kookmin Siap Tebus Saham BBKP",16 June 2020 08:39
"Garuda Masih Setop Terbang ke Timteng & China, Batasi Eropa",15 June 2020 19:35
Urgensi Stimulus BUMN dan Ikhtiar Global di Era Pandemi,13 June 2020 21:20
Ini Aturan & Syarat Naik Pesawat di Tengah Pandemi Covid-19,13 June 2020 19:00
"Direstui Jokowi, Erick Kurangi Jumlah BUMN",13 June 2020 09:33
"Pesawat Rute Banjarmasin Tergelincir, Garuda: Bannya Kempes",12 June 2020 13:12
"2 Hari Saham BUMN Babak Belur, Seperti Apa Valuasinya?",11 June 2020 16:16
Simak Kabar Soal Utang Garuda Hingga Laba WIKA Drop 65%,11 June 2020 08:43
Utang Garuda US$ 500 Juta Disetujui Direstrukturisasi,10 June 2020 20:11
"Disuntik Rp 52 T, BUMN Dianggap Selalu Jadi Parasit APBN",10 June 2020 19:49
"Restu RI 1 di Tangan, Erick Siap Hapus Iglas Hingga Merpati",10 June 2020 09:10
Ramai Soal Nilai Akuisisi Rabobank & Erick Mau Hapus BUMN,10 June 2020 08:30
"Erick Thohir Buka-bukaan Soal Dana Talangan BUMN Rp 19,65 T",09 June 2020 20:39
"Dapat Restu Jokowi, Erick Restrukturisasi Besar-besaran BUMN",09 June 2020 16:05
"Menhub Longgarkan Aturan, Garuda Tambah Kapasitas 70%",09 June 2020 15:35
"Bakal 'Dibersihkan' Erick, Begini Kinerja Iglas & Merpati",09 June 2020 12:15
"Larangan Mudik Berakhir, Ini Aturan dan Syarat Naik Pesawat",08 June 2020 16:50
"Tunggu Restu Jokowi, Ini BUMN 'Guram' yang Mau Ditutup Erick",08 June 2020 10:38
"IHSG Bakal Tembus 5.100, Cek Saham-saham Pilihan Hari Ini",08 June 2020 08:45
"Erick Rombak Direksi BUMN Karya, Mal Siap Buka 15 Juni",08 June 2020 08:35
"Diguyur Banyak Sentimen Positif, IHSG Siap Menuju 5.000",08 June 2020 08:05
"Sempat Dipesan Garuda, Bombardier Kini PHK 2.500 Pekerja",06 June 2020 11:15
Maskapai Harap Biaya Tes Corona Tak Lebih Mahal dari Tiket,05 June 2020 20:36
"Siap-siap, Garuda Buka Opsi Naikkan Harga Tiket",05 June 2020 19:40
Bos Garuda Buka-bukaan Soal Putus Kontrak 135 Pilot,05 June 2020 18:36
"Sudah Kepepet, Garuda Harap Talangan Pemerintah Segera Cair",05 June 2020 15:19
"Haji 2020 Ditiadakan, Bos Garuda: Ini Pukulan Keras Buat Kami",05 June 2020 14:05
"Dari PLN hingga Krakatau, 12 BUMN Siap Disuntik Sri Mulyani",05 June 2020 10:22
Susi Pudjiastuti: Saya Harus Rumahkan & PHK Karyawan!,04 June 2020 15:01
"Rating WSKT & BNLI Dipangkas, Pengelola Mal Siap Buka Lagi",04 June 2020 08:15
"Ini Deretan 12 BUMN yang Disuntik Sri Mulyani Rp 52,5 T",03 June 2020 14:03
"Penerbangan Baru Pulih 2022, Sanggupkah Garuda Cs Bertahan?",03 June 2020 10:53
"Simak 7 Kabar Pasar, dari PHK OMNI Hospitals hingga Garuda",03 June 2020 08:33
Kabar Baik! 89% Pemegang Sukuk Setuju Garuda Tunda Bayar,03 June 2020 08:18
"Soal Angkutan Haji, Begini Penjelasan dari Garuda",02 June 2020 15:43
"Garuda Rumahkan 800 Tenaga Kontrak, BUMN: Ini Pilihan Sulit",02 June 2020 14:17
Catat! Pemerintah Tak Beri Bantuan Dana ke BUMN tapi Jaminan,02 June 2020 13:10
"Garuda Rumahkan 800 Tenaga Kontrak, Berapa Pilot yang Kena?",02 June 2020 12:47
"Efisiensi, Garuda Indonesia Rumahkan 800 Tenaga Kontrak",02 June 2020 11:35
"Kabar Garuda PHK Pilot, Apa Kata Bos Garuda?",02 June 2020 07:41
"Mulai Hari Ini, Citilink & Lion Air Sudah Terbang Lagi",01 June 2020 08:05
"Garuda Minta Maaf, Ini Kronologi PMI Terlantar di Abu Dhabi",31 May 2020 17:53
Gambaran Dahsyatnya Corona Menghantam Industri Penerbangan,29 May 2020 14:19
"Potong Gaji Karyawan, Garuda Hemat Rp 685 M/pekan",26 May 2020 13:32
"Garuda Negosiasi Utang Rp 7,5 T, Setujukah Pemegang Sukuk?",20 May 2020 16:04
"Ada Kabar PHK Lagi, hingga AirAsia Terbang Lagi 1 Juni",20 May 2020 08:23
AirAsia Siap Terbang Lagi 1 Juni 2020,19 May 2020 19:19
Garuda Indonesia Ajukan Perpanjangan Tenor Sukuk 3 Tahun,19 May 2020 18:16
"Duh, Utang Luar Negeri BUMN Bengkak Akibat Infeksi Corona!",15 May 2020 16:06
"Realisasi Buyback Kecil, Hingga Lapkeu Q1 Mengecewakan",15 May 2020 08:21
"Senin Depan, Garuda Nego Restrukturisasi Sukuk Rp 7,5 T",14 May 2020 11:25
"Garuda Indonesia Dapat Bantuan dari Pemerintah Rp 8,5 T",14 May 2020 09:12
"Pulihkan Ekonomi, Daftar 12 BUMN Ini Siap Disuntik Rp 152 T",13 May 2020 06:30
Ini Alasan Kenapa BUMN Perlu Disuntik hingga Rp 152 T,12 May 2020 17:22
"Dampak Corona, Garuda & Krakatau Steel Siap Disuntik Rp 12 T",12 May 2020 13:38
"Penyelamatan Ekonomi Jokowi, BUMN Ini Bakal Disuntik Rp 152 T",12 May 2020 11:52
"Asing Masih Obral Saham RI, Cek Mana yang Murah Hari Ini",12 May 2020 08:44
Ini Daftar Saham yang Amsyong & Cuan Pekan Lalu,11 May 2020 08:51
"Dapat Fasilitas Pinjaman dari BRI, Ini Penjelasan Bos Garuda",08 May 2020 17:50
"Garuda Sudah Terbang Lagi, ke Mana Saja Rutenya?",08 May 2020 16:54
Pemerintah Bantu Garuda Indonesia Bayar Utang Jatuh Tempo,08 May 2020 14:10
Simak Saham Pilihan di Hari Terjepit Nasional,08 May 2020 08:57
"Usai Garuda, Lion Air Terbang Lagi 10 Mei, Tak Layani Pemudik",08 May 2020 08:25
"Ada Kabar Samin Tan jadi Buron KPK, Hingga Utang Emiten Naik",08 May 2020 08:08
"Garuda Boleh Terbang Lagi, Erick Thohir Minta Patuhi Protokol",07 May 2020 08:22
Erick Thohir Sebut Deretan BUMN Ini Berjibaku Lawan Corona,06 May 2020 18:20
Mau Naik Garuda? Ada Syarat yang Harus Dipenuhi Lho,06 May 2020 17:34
"Perhatian! Mulai Dini Hari, Bisa Terbang dengan Garuda Lagi",06 May 2020 15:54
"Modal Kerja, Garuda Raih Kredit US$ 50 Juta & Rp 2 T dari BRI",06 May 2020 09:28
"Bio Farma Siap Pasok Remdesivir, Garuda Mulai Nego Utang",06 May 2020 07:54
"Negosiasi Utang, Garuda Surati Pemegang Sukuk US$ 500 Juta",05 May 2020 12:11
"Garuda Cs Merana, 8 Maskapai Global Ini Lebih Nahas Nasibnya",30 April 2020 10:40
BUMN Transportasi Boncos: Garuda hingga KAI 'Terpapar' Corona,30 April 2020 09:46
"Lapkeu Q1 Mulai Ramai, Hingga S&P Pangkas Prospek Bank BUMN",30 April 2020 08:39
"Gaji 25.000 Karyawan Ditunda, Bos Garuda: PHK Opsi Terakhir",29 April 2020 19:05
"Dampak Covid-19, Garuda Akan Kembalikan 18 Pesawat Bombardier",29 April 2020 15:17
"Garuda Punya Utang Jatuh Tempo Juni Rp 7,7 T",29 April 2020 13:35
"Bayar Sewa Pesawat Rp 25 M/bulan, Bos Garuda: Terlalu Mahal!",29 April 2020 13:12
Ada Harapan IHSG Lanjutkan Penguatan Hari Ini,29 April 2020 08:10
Erick Thohir Tunjuk Eks Dirjen Udara Jadi Komut AP II,27 April 2020 17:29
"Esok Penerbangan Disetop, Yang Udah Beli Tiket Garuda Gimana?",24 April 2020 16:09
Corona Buat Saham Raksasa Maskapai Dunia Tumbang Hingga 70%,24 April 2020 15:12
"Garuda Indonesia Pangkas Gaji, Bagaimana dengan Perum Damri?",24 April 2020 12:03
"Pesawat Dilarang Terbang, IHSG Ikut Tumbang 0,81% di Sesi I",24 April 2020 12:01
Pesawat Komersial Dilarang! Gimana Nasib Garuda & AirAsia Cs?,24 April 2020 10:04
"Deretan Emiten Ini Terimbas PSBB, Seberapa Kuat Kasnya?",24 April 2020 07:19
Bunga Cicilan Bank-Leasing Dibayar Negara & Kabar dari Pasar,23 April 2020 09:16
"Tak Terima THR, Begini Respons Para Direksi BUMN",22 April 2020 15:07
"Jalani Masa Terburuk, Garuda Siapkan 12 Jurus demi Bertahan",22 April 2020 11:43
"Gegara Covid-19, Pendapatan Garuda Bisa Tertekan 33% di Q1",22 April 2020 10:32
"Refly Harun Dicopot, 2 Perwira Merapat ke Pelindo I",20 April 2020 18:44
"Emiten Pariwisata Ngos-ngosan Dihajar Corona, Ini Strateginya",20 April 2020 16:48
"Deretan Emiten Ini Pangkas Gaji Karyawan, Semua Demi Survive!",20 April 2020 15:28
"Ramai Penerapan PSBB, Saham-saham ini Kena Getahnya",20 April 2020 14:39
"Efek Covid-19, Mulai Ramai Emiten Potong Gaji Karyawan",20 April 2020 08:14
"Garuda, AirAsia & Malindo Potong Gaji Karyawan, Demi Survive!",17 April 2020 17:18
"Potong Gaji Karyawan, Ini Penjelasan Lengkap Manajemen Garuda",17 April 2020 17:09
Garuda Potong Gaji Direksi & Karyawan 10% Hingga 50%,17 April 2020 16:09
"Beban Perusahaan Naik, Anak Usaha Garuda Rugi Rp 51 Miliar",07 April 2020 09:42
"Bisa Tunda KPR Bila Terdampak Corona, 3 BUMN Tutup Anak Usaha",06 April 2020 08:42
"Ratusan BUMN & Anak-Cucu Usaha Bakal Ditutup, Tak Ada PHK",04 April 2020 07:26
"Ekonomi Berat BUMN Mulai Restrukturisasi Utang, Siapa Saja?",03 April 2020 17:59
"Hari Ini Erick Putuskan, 3 BUMN Tutup 51 Anak-Cucu Usaha",03 April 2020 17:09
"Erick Thohir Beberkan BUMN Terimbas Covid-19, Ini Daftarnya",03 April 2020 16:30
Erick Thohir: Target Setoran Dividen BUMN di 2020 Meleset,03 April 2020 16:14
Erick Thohir: 70% dari 147 BUMN & 800 Anak-Cucu Usaha Dilebur,03 April 2020 13:42
"Garuda Lebur 6 Anak-Cucu Usaha, Biar Lebih Fokus",03 April 2020 12:46
"Garuda Tauberes Tutup, Ini Kata Bos Garuda soal Nasib Pegawai",03 April 2020 12:05
"Dampak Covid-19, Erick Thohir: Tak Ada PHK di Perusahaan BUMN",03 April 2020 12:02
"Banyak Emiten Rilis Lapkeu 2019, Simak Ini Rekapnya",31 March 2020 08:15
Surprise! Garuda Akhirnya Cetak Laba Bersih Rp 112 M di 2019,30 March 2020 17:21
"Skenario Terburuk Mudik Dilarang, Uang Tiket 100% Kembali!",27 March 2020 12:53
"Mari Tenang, Yuk Pilih Saham Rekomendasi Broker Hari Ini",13 March 2020 08:41
Streaming! Ampuhkan Insentif Pemerintah Selamatkan Maskapai?,07 March 2020 15:00
"6.088 Positif Corona di Korsel, kok Garuda Tetap Layani Seoul",06 March 2020 07:30
"Turis Korsel Dilarang Masuk RI, Apa Kabar Penerbangan Garuda?",05 March 2020 20:03
"IHSG Rebound, Saham-saham BUMN Cuan Besar",03 March 2020 13:43
"RI Terpapar Corona, Simak Saham Potensi Cuan Hari Ini",03 March 2020 08:30
"Mulai Hari Ini, Garuda Indonesia Tebar Diskon Harga Tiket 50%",01 March 2020 12:31
Catat! Garuda Sediakan 65.700 Tiket Diskon per Bulan,29 February 2020 21:30
Evakuasi WNI ABK Diamond Princess Siap Dimulai!,29 February 2020 15:38
Ini Kabar Terbaru Moge & Brompton Ari Askhara yang Disita,28 February 2020 19:26
"Saham Emiten BUMN Rontok Sejak Awal Tahun, Ada Apa?",28 February 2020 18:34
Simak Berita Laba Astra hingga Nasib PHK Karyawan Indosat,28 February 2020 08:21
"Bayar Utang Jatuh Tempo, Garuda Bakal Terbitkan Sukuk Global",27 February 2020 17:48
Garuda Siap Jemput WNI di Diamond Princess dan Arab,27 February 2020 16:51
"Global Dikepung Corona, Garuda 'Pede' Buka Rute Baru",27 February 2020 16:20
Bakal Ditutup! Cucu Usaha Garuda 'Tauberes' yang Bikin Ngakak,27 February 2020 15:30
Apa Jurus Erick Thohir untuk BUMN Sekarat?,22 February 2020 19:34
Erick Sentil Bos-bos BUMN: Bikin Business Plan Nggak Bisa!,22 February 2020 09:02
"Biar Mudah Diawasi, Erick Thohir Bagi BUMN jadi 15 Klaster",21 February 2020 19:02
"Dirut-Komut BNI Dirombak, 5 Anak Usaha Garuda Mau Ditutup",21 February 2020 08:55
"Bikin Mubazir, Erick Thohir Bakal Tutup 5 Anak Usaha Garuda",20 February 2020 18:10
Curhat Seorang Dirut BUMN: Sudah Merugi Seperempat Abad,19 February 2020 18:52
"Gebrakan Erick! 4 Bulan, Direksi & Komisaris 15 BUMN Dirombak",11 February 2020 15:27
"Corona Bikin Garuda Setop Terbang ke China, Apa Dampaknya?",11 February 2020 13:38
"Duh! Erick Mulai Khawatir, Virus Corona Bakal Ganggu BUMN",10 February 2020 17:13
"Jutaan Orang Ogah Naik Pesawat Lagi, Apa Biang Keroknya?",08 February 2020 19:58
Kenapa RI Evakuasi WNI dari China Pakai Batik Air?,06 February 2020 09:50
"Hindari Virus Corona, Garuda Siap Jemput WNI di China",05 February 2020 17:09
"Recapital Kena Sanksi, Ilham Habibie Dapat Restu di Muamalat",05 February 2020 08:31
Triawan Munaf Gabung Investor Gojek & Tokopedia Ini,04 February 2020 15:13
"Gencar Ekspansi, Anak Usaha Garuda Masuk Pasar Australia",04 February 2020 14:50
Ini Alasan Erick Thohir Rombak Direksi & Komisaris di 10 BUMN,04 February 2020 09:02
"Medco Rilis Utang Jumbo Rp 8,8 T, Saham Emiten Hotel 'Ambruk'",04 February 2020 08:44
"Siap-siap Tarik Investor, GMF AeroAsia Mau Private Placement",04 February 2020 07:37
"Seumur Jagung Jadi Menteri, Erick Rombak Pengurus 10 BUMN",03 February 2020 12:39
"Duh! Warga China Dilarang Masuk, Pariwisata RI Bisa Tertekan",03 February 2020 11:29
"Corona Bikin Cemas, Garuda Tunda Penerbangan dari & ke China",03 February 2020 08:58
"29 Perusahaan Antre IPO Tahun Ini, Yuk Simak Ada yang Jumbo",31 January 2020 11:52
"Lion Air Mulai Roadshow, Serius Nih Mau IPO Pak Rusdi Kirana?",29 January 2020 12:20
"KRAS Restrukturisasi Utang Rp 27 T, Bos Jiwasraya Diperiksa",29 January 2020 09:19
"Refinancing, Garuda akan Terbitkan Sukuk Global Rp 6,8 T",28 January 2020 09:32
"Pak Erick, Mayoritas Saham BUMN Merah & 11 Anjlok Lebih 10%",27 January 2020 15:21
"Direksi & Komisaris Dirombak, Saham Garuda Disarankan Beli",27 January 2020 10:25
"800 Rekening Saham Diblokir Gegara Jiwasraya, Lion Siap IPO",27 January 2020 08:32
"Waspada Corona, Garuda Tegaskan Tak Ada Penerbangan ke Wuhan",25 January 2020 20:36
"Antisipasi Virus Corona, Ini Langkah Garuda",24 January 2020 18:34
"Cari Utang Baru, Bos Baru Garuda Siap Tekan Utang",24 January 2020 17:43
"Lion Air Roadshow IPO, Diyakini Terealisasi di Awal 2020",24 January 2020 14:49
"BRI Cetak Laba Rp 34,4 T, Garuda Batal Beli Boeing 737 Max 8",24 January 2020 08:14
Garuda Batalkan Pesanan 49 Pesawat Boeing 737 Max 8,23 January 2020 19:40
"Anjlok Saat RUPSLB Garuda, Saham GMFI Mulai Terbang Lagi",23 January 2020 17:11
"Sempat Mundur dari Perusahaan Sandiaga, Yenny Wahid ke Garuda",23 January 2020 15:46
Ternyata Ini Alasan Erick Pertahankan Fuad Rizal di Garuda,23 January 2020 14:21
"Sosok Dony Oskaria, Wadirut Garuda yang Sempat Jadi Komisaris",23 January 2020 10:39
"Jadi Komisaris, Elisa Lumbantoruan Bukan Orang Baru di Garuda",23 January 2020 10:17
Simak Kabar Aksi Korporasi dari Sejumlah Emiten,23 January 2020 08:57
Ini Pesan Erick Thohir ke Triawan Munaf soal Garuda,22 January 2020 17:58
"Bongkar Direksi & Komisaris, Begini Arah Saham Garuda",22 January 2020 16:16
"Jadi Direktur Niaga & Kargo Garuda, Siapa Rizal Pahlevi?",22 January 2020 15:03
"Ini Permintaan Erick ke Irfan Setiaputra, Bos Baru Garuda",22 January 2020 13:07
"Yenny Wahid Jadi Komisaris Garuda, Alasannya Apa Mas Erick?",22 January 2020 12:43
"RUPSLB Garuda, 98% Setuju Irfan Jadi Dirut & Triawan Komut",22 January 2020 12:31
"Irfan Setiaputra Jadi Bos Garuda, Ini Sepak Terjangnya",22 January 2020 11:48
"Garuda Punya Wadirut & Wakomut, Ini Alasan Perubahan Struktur",22 January 2020 11:48
"Komisaris Garuda: Triawan Munaf, Chairal Tanjung, Yenny Wahid",22 January 2020 11:32
Sah! Irfan Setiaputra Jadi Dirut & Triawan Munaf Komut Garuda,22 January 2020 11:21
"Gelar RUPSLB Pagi Ini, Saham Garuda Mulai Lepas Landas",22 January 2020 11:07
"RUPSLB Garuda, Chairal Tanjung Bakal Jadi Wakomut?",22 January 2020 10:52
"RUPSLB Pagi Ini, Irfan Jadi Dirut Garuda & Triawan Komut?",22 January 2020 08:17
"Dari Bekraf, Triawan Terbang ke Garuda?",21 January 2020 14:45
Siapa Irfan Setiaputra yang Disebut Calon Dirut Garuda?,21 January 2020 13:25
"Beredar! Irfan Jadi Dirut Garuda, Triawan Munaf Komut",21 January 2020 12:16
Ini Strategi Move On Sriwijaya Air Usai 'Cerai' dengan Garuda,21 January 2020 09:19
"Calon Dirut Garuda Sudah Ada, BPK Investigasi Asabri",20 January 2020 08:34
"Ganti Dirut dan Komut Garuda, Erick: Calon Sudah Ada",17 January 2020 17:36
Rombak Habis! Erick Sinyalkan Ganti Dirut-Komut Garuda,17 January 2020 16:09
"Irfan Setiaputra Dipanggil BUMN, Bakal Jadi Dirut Garuda?",14 January 2020 11:46
"BCA-WeChat Siap Bermitra, Begini Sosok Calon Bos Garuda",14 January 2020 09:06
"Direksi-Komisaris Garuda Dirombak, Ini Bocoran Sosok Dirutnya",13 January 2020 19:14
"3 BUMN Bakal Terbitkan Surat Utang Total Rp 27 T, untuk Apa?",13 January 2020 15:59
"Tak Hanya Surat Utang, Erick Soroti Modus BUMN Permak Lapkeu",13 January 2020 08:44
"Erick Thohir Akhirnya Ungkap Modus BUMN Vermak Lapkeu, Duh!",11 January 2020 12:27
Ssst...Erick Thohir Sudah Kantongi Nama Direksi Garuda,10 January 2020 10:02
"Konflik AS-Iran, Penerbangan Garuda ke Eropa Aman Gak?",09 January 2020 13:25
"Harga Minyak Sedang Naik, Waspadai Saham-saham Ini",07 January 2020 14:06
"Sebelum Transaksi, Simak Sejumlah Kabar dari Pasar",07 January 2020 08:48
"Garuda Batal Terbitkan Surat Utang Rp 12,6 T, Ada Apa?",06 January 2020 09:58
Mengenang Lagi Jokowi Effect Jilid 2 & Rating RI dari S&P,01 January 2020 11:04
"Awal Mula Skandal Lapkeu Garuda, hingga Beratnya Beban KRAS",01 January 2020 10:13
Ini Dia Saham Transaksi Margin & Short Sell per Januari 2020,30 December 2019 13:18
"Skema Ponzi Jiwasraya, Bumiputera Lepas Hotel & Aset Rp 2 T",30 December 2019 08:45
"Erick Bersih-bersih, Gimana Nasib 26 Anak Usaha Garuda?",27 December 2019 16:41
"Saat Tiket Pesawat Naik, Penumpang Garuda Anjlok 20%",27 December 2019 15:16
"Impairment Meningkat, Garuda Pastikan Masih Untung di 2019",27 December 2019 13:59
Gebrakan Erick Thohir Sejauh Ini: Rombak 8 BUMN,24 December 2019 09:34
"Bos BTN-PLN kok 'Orang Luar' Semua, Efektif Gak sih?",23 December 2019 18:47
"Skandal Brompton Selundupan, Garuda Bayar Denda Rp 100 Juta",22 December 2019 16:47
Budi Karya Bocorkan Kriteria Calon Direktur Garuda Indonesia,21 December 2019 19:56
"Gebrakan Lanjut, Sudah 7 BUMN Petingginya Dirombak Erick",19 December 2019 12:07
"Transaksi Jumbo CITA, Saham BCA Tembus Rekor Baru!",19 December 2019 07:42
"Garuda Cari Dana Rp 12,6 T Bayar Utang, Opsinya P2P Lending",18 December 2019 12:31
"Penyumbang Dividen Itu-itu Saja, Wajar Erick 'Acak-acak' BUMN",17 December 2019 17:29
"18 Investor Bidik Muamalat, Jiwasraya Boncos & Bank Amar IPO",17 December 2019 08:35
Kementerian BUMN: Garuda Diduga Selewengkan Dana CSR,16 December 2019 18:44
"Jonan & Susi Disebut Jadi Dirut, Saham Garuda Mulai Take Off",16 December 2019 11:16
"Siapa Lebih Pantas Jadi Bos Garuda, Jonan atau Susi?",16 December 2019 09:50
"RUPSLB 22 Januari, Berapa Harga Saham Garuda di Akhir 2019?",16 December 2019 07:22
Dahlan Yakin Jonan Pasti Mau dan Mampu Benahi Garuda,15 December 2019 20:52
"Dahlan Sebut Jonan atau Susi Cocok Jadi Bos Garuda, Setuju?",15 December 2019 15:37
"Jadi Direksi Garuda, Erick: Godaannya Harta, Tahta & Wanita",14 December 2019 19:56
"Jabatan Komisaris Segudang, Erick Sikat 5 Direksi Garuda",14 December 2019 17:08
"Erick Thohir Pecat 5 Direksi Garuda Karena Sayang, Maksudnya?",14 December 2019 12:54
"Tauberes, Cucu Garuda yang Bikin Erick Thohir Ngakak",14 December 2019 10:26
"Terungkap, Garuda Ternyata Punya 7 Anak dan 19 Cucu Lho!",13 December 2019 16:27
"Direksi BUMN Hobi Harley, Masih Boleh Gak Pak Erick?",13 December 2019 15:05
"Jadi Komut Anak-Cucu BUMN, Berapa Gaji 5 Eks Direksi Garuda?",13 December 2019 15:02
"Dirut Garuda Punya Segudang Jabatan Komisaris, Erick Beraksi",13 December 2019 13:22
"Erick: Jangan Pikir Beri Job ke Perusahaan Saya, Direksi Aman",13 December 2019 12:23
Apa Itu Garuda Tauberes yang Bikin Erick Thohir Ngakak?,13 December 2019 11:45
Erick Kaget Dirut Garuda jadi Komisaris di 6 Perusahaan,13 December 2019 11:38
Erick Thohir Ngakak Dengar Nama Cucu Garuda Bernama Tauberes,13 December 2019 11:20
"Mahaka dapat Proyek Garuda, Ini Pengakuan Erick Thohir!",13 December 2019 10:53
"Segudang Jabatan Direksi BUMN, Erick: Ini Tidak Sehat!",13 December 2019 10:31
"Bangkok Bank Caplok Bank Permata, Garuda Punya Direksi Baru",13 December 2019 08:50
Terkuak! 5 Direksi Garuda Punya Segudang Jabatan Komisaris,13 December 2019 06:16
"Diguncang Skandal Harley, Ini 5 Sikap Serikat Karyawan Garuda",12 December 2019 18:47
"Lapor ke Erick Thohir, Direksi Garuda Mau Setop Rute Eropa",12 December 2019 16:52
"5 Direktur Dipecat Erick, Ini Direksi Sementara Garuda",12 December 2019 16:07
Eks Bos Garuda & Daftar Direksi yang Punya Jabatan Segudang!,12 December 2019 12:59
Kacau! Eks Bos Garuda Ternyata Jadi Komisaris di 6 Perusahaan,12 December 2019 12:57
Ini Reaksi Erick soal Kabar Direksi Garuda Lecehkan Pramugari,12 December 2019 11:24
"Awak Kabin Curhat, Kebijakan 'Kejam' Ari Askhara Dicabut!",11 December 2019 15:35
"Erick Bakal Lebur Bisnis Sampingan BUMN, dari Hotel hingga RS",11 December 2019 14:57
"'Galak' Jadi Menteri, Saham Perusahaan Erick Thohir Masih Oke",11 December 2019 12:56
"Erick Mau 'Bongkar' 85 Hotel BUMN, Ini 6 BUMN Pengelola Hotel",11 December 2019 11:43
"5 Direktur Garuda Ditendang, Begini Pergerakan Sahamnya",11 December 2019 11:27
Bersih-bersih Garuda! Pengusaha Berharap Harga Tiket Normal,11 December 2019 10:25
"Baru Awal, Erick Rombak Pejabat di 6 BUMN & Bongkar 85 Hotel",11 December 2019 06:47
"Sepekan Jadi Dirut, Pahala Beli Saham BTN Hampir Rp 1 M",10 December 2019 15:58
"Selundupkan Harley Via Garuda, Direksi Bisa Kena Bui Setahun!",10 December 2019 13:21
"5 Direksi Garuda Dicopot, Pengganti Diputuskan 22 Januari",10 December 2019 13:03
"Siap RUPSLB, 45 Hari Lagi Direksi Baru Garuda Ditetapkan!",10 December 2019 11:56
"Banyak Sewa Pesawat, Berapa Biaya Leasing Garuda per Tahun?",10 December 2019 11:24
"Bersih-bersih Direksi, Saham Garuda Terbang 5%",10 December 2019 09:40
"Bersih-bersih! 5 Direksi Dipecat, Garuda Juga Kena Sanksi",10 December 2019 07:10
Kementerian BUMN Respons Isu Jonan Jadi Dirut Garuda,09 December 2019 18:59
"5 Direksi Dipecat, Garuda Juga Kena Sanksi Kemenhub",09 December 2019 17:59
"Masih Dikaji, Bank Mandiri Ngebet Caplok Bank di Filipina",09 December 2019 16:50
Curhat Pramugari Garuda: Dipindah ke Makassar Tanpa Alasan,09 December 2019 15:55
Awak Kabin Garuda Curhat: 18 Jam tidak Tidur & Gaji Dipotong!,09 December 2019 13:28
"Telepon Plt Dirut Garuda, Begini Pesan Tegas Erick Thohir",09 December 2019 11:51
"Awak Kabin Garuda Curhat: Era Ari Askhara, 8 Orang Opname!",09 December 2019 11:14
"Erick Bersih-bersih Garuda, Saham GIAA Mulai Terbang!",09 December 2019 09:31
Eks Dirut Garuda Mau Dibawa ke Meja Hijau Pak Erick?,09 December 2019 09:20
Simak 6 Kabar yang Sita Perhatian Pelaku Pasar Pekan Lalu,09 December 2019 08:52
"Sri Mulyani Ternyata Pernah Naik Brompton, Rasanya Gimana Bu?",09 December 2019 08:42
"Tren Hijau IHSG Terbatas, Saham Apa yang Cuan Hari Ini?",09 December 2019 08:28
"Rombak Direksi Garuda, Akankah Ignasius Jonan Masuk?",09 December 2019 07:40
Erick Pecat Direksi Garuda yang Terlibat Skandal Harley,07 December 2019 14:14
"Skandal Harley, Seluruh Direksi Garuda yang Terlibat Dipecat",07 December 2019 13:15
"Nasib 3 Direktur Garuda Sudah Diputuskan, Ini Hasilnya!",07 December 2019 11:28
Erick Thohir Pecat Dirut Garuda Karena Selundupkan Harley,07 December 2019 06:24
Alasan di Balik Penunjukkan Fuad Rizal Jadi Plt Dirut Garuda,06 December 2019 20:22
"Skandal Harley Garuda Rugikan Negara Rp1,5 M, Ini Hitungannya",06 December 2019 19:43
"Ditunjuk jadi Plt Dirut Garuda, Ini Sederet Tugas Fuad Rizal",06 December 2019 18:21
"Ancaman Erick ke BUMN Lain: Kalau Kotor, Kita Bongkar!",06 December 2019 17:40
"Pecat Dirut Garuda, Erick: Yang Kemarin (Itu), Maaf Kriminal!",06 December 2019 17:34
Erick Thohir: Enggak Masalah Ganti Total Direksi Garuda!,06 December 2019 17:30
"Ari Askhara Dicopot dari Dirut, Saham Garuda Turun 2,42%",06 December 2019 16:37
"Dirut Garuda Dipecat, Jokowi: Jangan Ada yang Main-main Lagi!",06 December 2019 16:33
"Garuda Cari Dirut Bukan Kaleng-kaleng, Saham GIAA Gimana?",06 December 2019 15:53
"Tanri Abeng: Dirut Garuda Terlalu Berkuasa, Harus Berhenti!",06 December 2019 15:13
"Diberhentikan Erick, Ini Rekam Jejak Ari Askhara",06 December 2019 14:30
Bagaimana Nasib Harley yang Diselundupkan Dirut Garuda?,06 December 2019 14:25
Kronologi Harley Selundupan Berujung Pemecatan Dirut Garuda,06 December 2019 14:08
"Sengkarut Krakatau Steel, Dahlan Iskan: Tutup atau Jual?",06 December 2019 13:24
"Erick Thohir Bersih-bersih, Bagaimana Pergerakan Saham BUMN?",06 December 2019 12:39
"Erick Thohir Pecat Dirut Garuda, Pengusaha Hotel Gembira",06 December 2019 12:29
"Kabar Ditunjuk Jadi Dirut Garuda, Apa Kata Fuad Rizal?",06 December 2019 11:17
"Dirut Garuda Dipecat, Kementerian BUMN Banjir Karangan Bunga",06 December 2019 10:56
"Erick Thohir Bersih-bersih BUMN, Siapa Saja 'Korbannya'?",06 December 2019 10:38
Benarkah Fuad Rizal jadi Plt Dirut Garuda? Ini Kata Komut,06 December 2019 10:23
"Dirut Garuda Dipecat Erick Thohir, Harga Sahamnya Stagnan",06 December 2019 10:19
"Erick Copot Ari Askhara, Menhub Bocorkan Plt Dirut Garuda",06 December 2019 10:06
"Tiket Mahal Saat Nataru, Menhub: Garuda Beri Diskon 30%",06 December 2019 09:30
"Dirut Garuda Dipecat, APLN Lepas Aset",06 December 2019 08:15
"Spesifikasi Tak Sesuai, Garuda Jual 18 Pesawat Bombardier?",06 December 2019 08:09
"Menteri Erick Sedih, Skandal Dirut Libatkan Pegawai Garuda",06 December 2019 07:57
Murka! Erick Copot Dirut Garuda & Alert untuk Pejabat BUMN,06 December 2019 07:14
"Skandal Dirut Garuda, Dipecat Erick & Terancam Penjara",06 December 2019 06:09
"Nasib Harley Selundupan Bos Garuda, Bakal Dilelang?",05 December 2019 20:17
"Dipecat Dari Dirut Garuda, Ari Askhara Juga Terancam Pidana",05 December 2019 18:42
"Ari Ashkara Dipecat Erick, Siapa Plt Dirut Garuda?",05 December 2019 18:09
Penyelundupan Harley Libatkan Banyak Pegawai Garuda Indonesia,05 December 2019 17:18
"Dirut Garuda Dipecat, Luhut: Kami Dukung Menteri BUMN",05 December 2019 17:08
"Pecat Dirut Garuda, Ini Pernyataan Lengkap Erick Thohir",05 December 2019 16:47
"Skandal Harley Selundupan, Karier Ari Askhara di Garuda Tamat",05 December 2019 16:33
Deretan Skandal Bos Garuda Indonesia yang Dipecat Hari Ini,05 December 2019 16:26
"Dirut Dipecat, Saham Garuda Langsung Ambles",05 December 2019 16:25
"Pecat Dirut Garuda, Ini Penjelasan Lengkap Erick Thohir",05 December 2019 16:22
"Dirut Garuda Dipecat, Erick Thohir Segera Tunjuk Plt",05 December 2019 16:21
"Skandal Harley, Erick Thohir Berhentikan Dirut Garuda!",05 December 2019 16:07
"Erick Thohir Sebut Motor Harley Milik AA, Dirut Garuda!",05 December 2019 16:02
Erick Thohir Berhentikan Dirut Garuda Ari Askhara,05 December 2019 15:58
"Lihat Harley & Brompton Ilegal, Erick Thohir: Bagus Motornya",05 December 2019 15:50
"Rp 50 Juta/Unit, Ini Tampilan Sepeda Selundupan via Garuda",05 December 2019 15:42
Wah! Ternyata Ada BUMN Non-Hotel yang Kelola Hingga 10 Hotel,05 December 2019 15:14
Bea Cukai Bongkar Harley & Brompton yang Diselundupkan Garuda,05 December 2019 15:07
"Airbus Garuda Bawa Harley Ilegal, Kemenhub Siapkan Sanksi!",05 December 2019 13:37
"Es Krim Diamond Mau IPO, BCA Suntik Modal Ventura Rp 200 M",05 December 2019 08:15
Erick Bakal Copot Direksi Garuda atau Jadi Samurai Jepang,05 December 2019 07:18
"Spesifikasi Tak Sesuai Medan, Garuda Bakal Jual 18 Pesawat?",04 December 2019 18:35
"Ultimatum Erick, Direksi Garuda Harus Seperti Samurai Jepang",04 December 2019 12:34
"Soal Harley-Brompton Ilegal, Erick Siap Copot Direksi Garuda!",04 December 2019 12:17
Bea Cukai: Investigasi Garuda soal Harley-Brompton Mau Kelar,04 December 2019 11:41
"Sri Mulyani, Erick & BKS Bicara Harley & Brompton di Garuda",04 December 2019 07:58
"Skandal Harley & Brompton, Potensi Monopoli di Akuisisi LINK",04 December 2019 07:45
"Soal Harley & Brompton Ilegal, Garuda: Barang Milik Karyawan!",03 December 2019 17:54
Ada Direksi Garuda di Airbus Pembawa Harley & Brompton Ilegal,03 December 2019 17:08
"Soal Harley & Brompton Ilegal, Erick Serahkan ke Sri Mulyani",03 December 2019 16:27
"Skandal Harley & Brompton Ilegal di Garuda, Siapa Terlibat?",03 December 2019 12:40
"Harley & Brompton Ilegal, Garuda: Kami Taat Pada Aturan",03 December 2019 11:11
Harley Davidson & Brompton Ilegal Masuk RI via Airbus Baru,02 December 2019 22:06
"Peak Season Natal-Tahun Baru, Garuda Siapkan Armada Wide Body",01 December 2019 21:42
"26 Saham Didepak dari Efek Syariah, Hanya 31 Saham Baru Masuk",28 November 2019 09:54
"Jika Lebih Murah, Garuda Beli Avtur Selain dari Pertamina",26 November 2019 14:06
"Heboh Susi Pudjiastuti Mau Masuk BUMN Ikan, Jonan ke Garuda",26 November 2019 09:25
Ini Dia Saham Pilihan Broker,26 November 2019 08:30
Akankah Ignasius Jonan Jadi Komisaris Garuda Indonesia?,25 November 2019 14:57
"Tutup Sejumlah Rute Timur Indonesia, Ini Alasan Garuda",25 November 2019 14:26
Bolehkah Penunjukkkan Dirut Emiten Sebelum RUPSLB?,25 November 2019 12:07
Saham Pilihan di Awal Pekan Ini: dari TLKM hingga ADHI,25 November 2019 08:28
Bos BTN Pahala Mansury: dari Bank Kembali ke Bank,23 November 2019 18:13
"Batal IPO Tahun Ini, Begini Rencana CEO Lion Air Selanjutnya",21 November 2019 15:29
OJK: IPO Lion Air Batal Tahun Ini!,21 November 2019 10:56
"Obati 10 BUMN Sakit, Begini Strategi Jitu PPA",15 November 2019 13:50
"'Merpati Tidak Pernah Ingkar Janji', Kapan Terbang Lagi?",14 November 2019 19:46
"Kelola Aset Merpati, PPA Mau Bawa ke Mana Nasib Merpati?",14 November 2019 19:12
"Sepi IPO BUMN, 2020 Jadi Waktu Tepat untuk Go Public!",11 November 2019 17:46
"BTN Gelar RUPSLB 27 November, Pahala Mansury Jadi Dirut?",11 November 2019 08:30
"Sriwijaya-Garuda Cerai, Hari Ini BEI Paksa Delisting TMPI",11 November 2019 08:12
"Jadi Stafsus, Arya Sinulingga Singgung soal Garuda-Sriwijaya",09 November 2019 10:39
Sriwijaya Ajukan Penghentian Kerja Sama dengan Garuda,08 November 2019 19:00
"Dicari! Dirut Mandiri & BTN, Sederet Nama-nama Ini Mencuat",08 November 2019 12:03
"Garuda-Sriwijaya Ramai Lagi, Drama Delisting TMPI",08 November 2019 08:26
"Cerai Lagi dengan Sriwijaya, Begini Penjelasan Garuda",07 November 2019 18:04
"Cerai Lagi dengan Sriwijaya Air, Saham Garuda Terkoreksi",07 November 2019 12:17
"Garuda-Sriwijaya Cerai Lagi, Menhub Siap Panggil",07 November 2019 12:10
Miris! Penumpang Gagal Terbang Gegara Sriwjaya Air Cerai Lagi,07 November 2019 11:48
Direksi Sriwijaya Air Benarkan Cerai Lagi dengan Garuda,07 November 2019 11:33
Duh! Garuda Indonesia dan Sriwijaya Air Cerai (Lagi)?,07 November 2019 10:55
"KRAS Rugi Hampir Rp 3 T, Garuda Cetak Laba Rp 1,71 T",05 November 2019 08:39
"Terungkap! Ini Rahasia Garuda Cetak Laba Rp 1,71 triliun",04 November 2019 18:53
"Q3-2019 Cetak Laba, Saham Garuda Dekati Harga IPO",31 October 2019 14:46
"Konsisten! Hingga Q3-2019, Garuda Cetak Laba Rp 1,71 T",31 October 2019 09:07
"Simak! 4 Tantangan Utama BUMN bagi Erick Thohir, Tiko & BGS",29 October 2019 07:38
"Pak Erick, Ini Lho Alternatif Pendanaan Non-Utang bagi BUMN..",24 October 2019 18:16
"Erick Thohir Jadi Menteri, 11 Saham Emiten BUMN Menguat",23 October 2019 13:02
"Pak Erick, Ini PR Perusahaan BUMN yang Belum Kelar!",23 October 2019 10:09
"Wuih! Garuda Order 100 Drone dari China, Berapa Harganya?",22 October 2019 15:39
Merpati Mau Bangkit Lagi? Begini Kinerjanya Sebelum Tutup,17 October 2019 15:50
"Berat! Tak Hanya Merpati, 5 BUMN Ini PR Menteri BUMN Baru",17 October 2019 14:50
"Periode I Jokowi, Utang BUMN Meningkat Pesat Lho",17 October 2019 14:44
"Saham GIAA Mulai Terkikis, Garuda Caplok 51% Saham Sriwijaya?",17 October 2019 10:24
Saham GIAA Mulai Terbang! Akankah Sentuh Harga IPO?,16 October 2019 17:09
"Ada Pesawat Retak, tapi Saham Garuda Terbang 8%, Kenapa?",16 October 2019 16:18
"Garuda Kandangkan 1 Boeing karena Retak, Saham GIAA Stagnan",16 October 2019 10:39
"Trump Ultimatum China, Simak Saham Pilihan Rabu Ini",16 October 2019 08:21
"Utang Luar Negeri BUMN Naik 40% Setahun, Sudah Kebablasan?",15 October 2019 16:17
"Saham Garuda Terbang 10%, Ternyata Ini Penyebabnya!",11 October 2019 18:20
Darmin Ungkap Alasan Lion-Garuda Bikin Hanggar di Batam,11 October 2019 16:37
"Lion Air yang IPO, Saham Garuda Malah Terbang! Ada Apa?",11 October 2019 11:37
"Lion Air Bisa Jadi IPO Terbesar, Siapa Penjamin Emisinya?",11 October 2019 07:26
IPO Lion Air: Akankah Emisi Besar Mampu Diserap Pasar?,10 October 2019 08:33
"Lion Air Bidik IPO Rp 14 T, Begini Komentar Pelaku Pasar",09 October 2019 16:01
"Pepsi Pamit, PTPP dan KRAS Rebutan KTI",04 October 2019 07:56
"Soal Kursi Direksi Sriwijaya, Begini Respons Garuda",03 October 2019 17:15
"Utang Segunung, Sriwijaya Baru Nyicil Rp 436 M ke BUMN",03 October 2019 15:53
"Belum Ada Logo Garuda di Sriwijaya Air, Ada Apa?",03 October 2019 14:16
"Garuda-Sriwijaya Rujuk, Gugatan Pengadilan Dicabut",03 October 2019 13:32
"Rujuk dengan Sriwijaya, Saham Garuda kok Tidak Terbang?",02 October 2019 10:09
"Garuda-Sriwijaya Rujuk, Apa Saja PR & Masalah Sriwijaya?",02 October 2019 07:12
Rini Ungkap Penyebab Garuda & Sriwijaya Sempat Pecah Kongsi,01 October 2019 17:21
"Garuda-Sriwijaya Rujuk, Kemenhub: Tenggat Peringatan Berakhir",01 October 2019 17:02
"Garuda-Sriwijaya Rujuk, Soal Utang Bayarnya Gimana?",01 October 2019 15:03
"Garuda-Sriwijaya Rujuk, Begini Potret Industri Aviasi RI",01 October 2019 14:11
"Rujuk dengan Garuda, Bagaimana Nasib Manajemen Sriwijaya?",01 October 2019 13:59
Ini 4 Alasan Garuda-Sriwijaya Kembali Rujuk,01 October 2019 13:02
"Garuda Terima Rujuk, GMF Layani Lagi Sriwijaya & NAM Air",01 October 2019 12:28
"Sah! Garuda-Sriwijaya Air Rujuk Kembali, KSM Berlanjut",01 October 2019 12:18
Live Now!! Garuda-Sriwijaya Air Rujuk Lagi,01 October 2019 12:04
"Bikin Perjanjian Bersama, Garuda & Sriwijaya Bakal Rujuk?",01 October 2019 10:07
"Mundurnya Direksi Sriwijaya Air, UNVR akan Stock Split",01 October 2019 08:18
"Sriwijaya Air: Utang Bengkak, Digugat Garuda & Terancam Tutup",01 October 2019 07:30
"Live Now! Terancam Tutup, Simak Penjelasan Sriwijaya Air",30 September 2019 17:20
Terbongkar! Alasan 2 Direksi Sriwijaya Air Mundur,30 September 2019 16:44
Sriwijaya Air di Ujung Tanduk: Tutup atau Jalan Terus?,30 September 2019 16:18
"Tak Digubris, 2 Direksi Sriwijaya Air Mundur",30 September 2019 15:44
"Sriwijaya Air Disarankan Setop Operasi, Ini 10 Alasannya",30 September 2019 13:35
Sriwijaya Air Direkomendasikan Setop Operasi!,30 September 2019 12:36
"Digugat Citilink, Karyawan Sriwijaya: Saya Saja Dizalimi",30 September 2019 12:31
"Garuda-Sriwijaya Pecah Kongsi, BRI Akusisi Asuransi Umum",30 September 2019 07:27
"Pecah Kongsi, Citilink Akhirnya Resmi Gugat Sriwijaya Air",28 September 2019 15:50
"Kerja Sama Mau Kandas, Berapa Utang Sriwijaya ke Garuda?",27 September 2019 14:47
Simak 5 Berita Emiten Jelang Akhir Pekan,27 September 2019 08:26
Simak! Ini Saham Pilihan Broker Hari Ini,27 September 2019 08:11
"Dikabarkan Setop Operasi, Siapa Pemilik Sriwijaya Air?",26 September 2019 18:21
Garuda-Sriwijaya Pecah Kongsi? Ini Jawaban Manajemen ke BEI,26 September 2019 16:52
"Dikabarkan Setop Operasi, Ini Penjelasan Sriwijaya Air",26 September 2019 14:39
"Duh! Utang BUMN Menggunung dalam 5 Tahun, Naik 10 Kali",21 September 2019 15:36
"Saham Garuda Terbang! Waspada, Asing Masih Net Sell",18 September 2019 12:29
"Kacau! Dalam 5 Tahun, Utang Emiten BUMN Melesat 10 Kali",17 September 2019 12:28
"Gawat! Utang BUMN Kian Bengkak, Garuda & KRAS Jadi Sorotan",17 September 2019 08:24
"Sepi IPO BUMN dan Anak Usahanya, Begini Respons Pelaku Pasar",09 September 2019 17:37
"Terbitkan EBA & Private Placement, Bukopin Raih Rp 1,3 T",04 September 2019 19:30
"IPO Anak Usaha BUMN Sepi Ajah, Ini Wejangan Darmin",23 August 2019 15:18
Pegang 5 Saham Ini Sepekan Bisa Bikin Kaya Mendadak,17 August 2019 16:35
"Inspirasi Hari Ini, Simak Aksi Emiten Kemarin!",16 August 2019 06:30
"Garuda & Lion Bikin Bengkel Pesawat di Batam, Berapa Dananya?",15 August 2019 14:36
Izin KAP BDO Indonesia Tidak Dicabut OJK,13 August 2019 16:32
"Gara-gara Lapkeu, Deretan KAP Ini Malah Kena Sanksi OJK",09 August 2019 13:30
"CAD Q2-2019 Bengkak Jadi 3% PDB, IHSG Mulai Terperosok",09 August 2019 11:24
"Wuidih! Politik Stabil, IHSG Diramal Bisa Tembus Level 7.000",09 August 2019 08:06
"Bebas Masalah dari Poles Lapkeu, Saham Garuda Terbang Tinggi",08 August 2019 16:45
"Ditutup Melesat 1,14%, IHSG Jadi Jawara di Asia",08 August 2019 16:39
"2 Hari Saham Garuda Meroket 25%, Ada Apa?",08 August 2019 12:40
"Kinerja Emiten BUMN, BRI Juara Laba & Telkom Jawara Omzet",08 August 2019 11:02
Pantau Saham Pilihan Broker: Dari BMRI Hingga HMSP,08 August 2019 08:39
Eksklusif! Tanri Abeng Buka-bukaan Sengkarut BUMN,07 August 2019 16:11
"IHSG Jatuh 2 Hari, Cuan Emiten BUMN Amblas Rp 101 T",06 August 2019 10:34
"Sebelum Transaksi, Simak Kabar dari Emiten Pekan Lalu",05 August 2019 08:36
Streaming! BPK Buka-bukaan di Balik Pemeriksaan Garuda,03 August 2019 15:19
Garuda Bayar Lunas Sanksi Poles Lapkeu,02 August 2019 15:11
Indosat Tunjuk Dirut Baru hingga Rugi KRAS Naik 8 Kali Lipat,02 August 2019 08:53
"Sejak Kasus Poles Lapkeu, Saham Garuda Susah Naik",01 August 2019 13:33
"Lapkeu Sempat Dipoles, Semester I Garuda Cetak Laba Rp 337 M",01 August 2019 11:10
"Setelah Bunga The Fed Turun, Ini Rekomendasi Saham Broker",01 August 2019 08:41
"Poles Lapkeu Garuda, BPK: Jangan Bikin Investor Saham Tertipu",01 August 2019 06:45
"Kontrak Garuda Janggal, BPK Sempat Cecar Direksi Mahata",31 July 2019 16:05
"Kasus Garuda, BPK: Jangan Sampai Investor Merasa Ditipu!",31 July 2019 15:15
"BPK: Mahata Cuma Punya Rp 15 M, Tapi Harus Bayar Rp 3,5 T",31 July 2019 14:10
"Disindir Dahlan Sulap Rugi Jadi Untung, Siapa Dirkeu Garuda?",31 July 2019 13:39
"Lapkeu Garuda Dipoles, Ini 3 Rekomendasi dari BPK",31 July 2019 11:14
Eksklusif! BPK Ungkap Rekomendasi Soal Lapkeu Garuda ke DPR,31 July 2019 09:21
"Disindir Dahlan soal 'Sulap' Lapkeu, Ini Kata Direktur Garuda",31 July 2019 09:10
4 BUMN ini Dihajar Sederet Masalah di Periode Pertama Jokowi,31 July 2019 06:40
Ini Borok Keuangan 4 BUMN di Ujung Periode I Jokowi,30 July 2019 11:26
"Dahlan: Direktur Garuda Pintar Sulap Rugi Rp 2,4 T Jadi Laba",29 July 2019 13:11
"Garuda Putus Kontrak Mahata, Pegadaian Proses IPO di 2020",29 July 2019 08:20
Rini Akhirnya Bicara Soal Pembatalan Kontrak Garuda-Mahata,27 July 2019 20:02
"Sah! 2018 Garuda Rugi Rp 2,45 T & Kontrak dengan Mahata Putus",27 July 2019 08:42
"Cegah Tekor, Garuda Hati-Hati Pilih Rute Internasional",26 July 2019 20:34
Ini Alasan Garuda Kontrak 15 Tahun dengan Mahata,26 July 2019 20:25
"Restatement, Garuda: Bank Masih Support Pendanaan!",26 July 2019 18:27
"Naikkan Tarif Tiket, Garuda Raup Untung di Kuartal I-2019",26 July 2019 17:44
Live! Garuda Sampaikan Hasil Restatement Lapkeu 2018,26 July 2019 17:19
Terungkap! Polesan Lapkeu Garuda Terkait Kontrak Mahata,26 July 2019 14:14
"Restatement & Batal Kontrak Mahata, Saham Garuda Amblas",26 July 2019 12:08
Garuda: Kerja Sama Citilink-Mahata Batal!,26 July 2019 11:38
"Rugi Saat Restatement, Garuda Yakin Bisa Cetak Laba di Q2-Q3",26 July 2019 11:12
"Rugi Setelah Restatement, Harga Saham Garuda Amblas",26 July 2019 09:56
"Tak Jadi Untung, Garuda Rugi hingga Rp 2,45 T di 2018",26 July 2019 09:22
"Rebutan Jababeka Masih Berlanjut, OJK Pantau Saham Garuda",26 July 2019 08:21
"Ups! Setelah Restatement, Saham Garuda Diperiksa OJK",25 July 2019 15:42
"Genjot Produksi Hulu, Pertamina Rilis Global Bond Rp 21 T",25 July 2019 11:04
Saham Pilihan Broker Hari Ini: Pantau Saham SMRA hingga HMSP,25 July 2019 08:20
"Komisaris KRAS Mundur, BPK Serahkan Pemeriksaan Garuda ke DPR",24 July 2019 08:12
BPK Serahkan Hasil Pemeriksaan Lapkeu Garuda ke DPR,23 July 2019 14:47
"Jababeka Belum Kelar, Tambang Was-was, Softex & Charm Mau IPO",15 July 2019 09:03
"IHSG Rentan Profit Taking, Cermati ADRO hingga ICBP!",15 July 2019 08:29
"Setelah Diskon 50% Tiket LCC, Lalu Selanjutnya Apa?",12 July 2019 20:23
Garuda: Restatement Lapkeu 2018 Paling Lambat 26 Juli,12 July 2019 18:55
Simak 4 Kabar yang Bikin Heboh Pasar Saham,10 July 2019 09:26
BPK: Garuda-Citilink Batalkan Kerja Sama dengan Mahata!,10 July 2019 08:52
BPK: Citilink-Garuda Harus Batalkan Kerja Sama dengan Mahata,09 July 2019 13:33
"Tunggu Data Cadev, Ini Saham Potensi Cuan di Akhir Pekan!",05 July 2019 08:45
"Harga Tiket Pesawat LCC Dipangkas 50%, Saham Maskapai Amblas!",02 July 2019 11:36
"BEI Ingatkan Sanksi Garuda, S&P Kerek Rating Bank Mandiri",02 July 2019 08:53
"BEI Ingatkan Garuda, Restatement & Sanksi Denda Tepat Waktu",01 July 2019 10:51
"Dirut Garuda Indonesia Patuhi Sanksi, Saham GIAA Melesat 6%",01 July 2019 10:40
"Setumpuk Sanksi, Ini Penjelasan Lengkap Garuda Indonesia!",01 July 2019 08:52
"Kasus Lapkeu, Garuda Wajib Bayar Denda Rp 1,25 Miliar",30 June 2019 22:32
"Buntut Poles Lapkeu, Garuda Siap-Siap Ceraikan Mahata?",30 June 2019 18:57
"Wajib Restatement Lapkeu, Garuda Bakal Tak Jadi Cetak Laba?",30 June 2019 17:33
"Kemenkeu, OJK & BEI Kompak Sanksi Garuda karena Lapkeu 2018",29 June 2019 12:31
"Diminta Restatement, Bursa Belum Suspen Saham Garuda",28 June 2019 19:39
Kementerian BUMN Minta Garuda Patuhi Sanksi,28 June 2019 17:30
"Poles Lapkeu 2018, Total Sanksi Denda Garuda Capai Rp 1,25 M",28 June 2019 15:40
"OJK: Restatement Lapkeu, Kemungkinan Garuda Merugi!",28 June 2019 14:51
"Kena Sanksi Bertubi-tubi, Saham Garuda Masih akan Terkoreksi",28 June 2019 14:06
"Kemenkeu-OJK-BEI Sudah, Ini Update Terbaru BPK soal Garuda",28 June 2019 13:18
"Lapkeu 2018 Dipoles, Ini Sederet Sanksi untuk Garuda",28 June 2019 13:15
"Setelah Kemenkeu & OJK, Giliran BEI Sanksi Garuda Rp 250 Juta",28 June 2019 12:21
Dari Rugi Jadi Untung & Ngototnya Garuda Soal Lapkeu,28 June 2019 12:19
"Tak Main-main, Sri Mulyani Beri Sanksi Tegas Auditor Garuda",28 June 2019 11:57
"Diberi Sanksi Kemenkeu & OJK, Garuda Malah Melawan",28 June 2019 11:50
"Siapa Kasner Sirumapea, Auditor Garuda yang Dicabut Izinnya?",28 June 2019 11:46
Alasan OJK Bekukan Izin 12 Bulan Akuntan Publik Lapkeu Garuda,28 June 2019 11:11
Ini Awal Biang Kerok Masalah Laporan Keuangan Garuda,28 June 2019 11:05
"Buntut Sanksi Laporan Keuangan, Saham Garuda Jeblok 3%",28 June 2019 10:52
"Buntut Poles Lapkeu, OJK Wajibkan Garuda Restatement!",28 June 2019 10:52
"Poles Lapkeu, Direksi & Komisaris Garuda Didenda Rp 100 Juta!",28 June 2019 10:38
Akuntan Publik Laporan Keuangan Garuda Dibekukan 12 Bulan,28 June 2019 10:34
LIVE NOW! Hasil Audit Lapkeu Garuda Indonesia Dirilis,28 June 2019 10:23
"Menanti Nasib Garuda, Induk Reliance Group IPO Rp 4,2 T",28 June 2019 08:34
"Besok, Nasib Laporan Keuangan Garuda Indonesia Diputuskan",27 June 2019 19:06
"Komut-Dirut BWPT Mundur, Anak Indofood Gagal Tender Offer",27 June 2019 08:20
BEI Sebut Kontrak Garuda & Mahata Tak Jelas Pembayarannya,26 June 2019 16:15
BPK Temukan Banyak Rekayasa dalam Lapkeu Garuda 2018,26 June 2019 09:16
"Waduh! BPK: Garuda Banyak Temuan, Ada 'Financial Engineering'",25 June 2019 15:36
"Ini 10 Maskapai Terbaik Dunia, Garuda Posisi Berapa?",25 June 2019 09:10
"IAPI Sarankan Garuda Restatement, Ini Kata BEI",24 June 2019 21:20
Giant Tutup 6 Gerai Hingga BRI Rogoh Rp 1 T Akuisisi Asuransi,24 June 2019 08:43
"Polemik Berlanjut, Garuda Harus Restatement Laporan Keuangan",22 June 2019 09:03
Ini 'Kesalahan' Dalam Lapkeu Garuda Versi Institut Akuntan,21 June 2019 20:34
Institut Akuntan: Garuda Harus Restatement Laporan Keuangan,21 June 2019 19:52
"BPK Sebut Ada Rekayasa Lapkeu Garuda, Pekan Depan Dirilis",21 June 2019 13:44
Siap-siap! OJK Segera Umumkan Kasus Laporan Keuangan Garuda,21 June 2019 13:25
Waduh! BPK Sebut Ada Rekayasa Laporan Keuangan Garuda,21 June 2019 11:23
"Tiket Penerbangan LCC Turun, Airport Tax Juga akan Dipangkas",20 June 2019 14:58
"Tiket LCC Turun, Tarif Parkir Pesawat Sampai Avtur Dipangkas",20 June 2019 14:38
"Tiket Pesawat LCC Domestik Turun, Saham Maskapai Menghijau",20 June 2019 14:17
Live Now: Pemerintah Umumkan Hasil Evaluasi Tiket Pesawat,20 June 2019 13:53
"Tiket Pesawat Mahal, Darmin Panggil Menhub & Bos-Bos BUMN",20 June 2019 11:30
"ASII hingga JSMR, Simak Saham Pilihan Broker Hari Ini",19 June 2019 08:59
"Simak, BEI Pantau Saham Hary Tanoe & Cek Lapkeu Q1 Garuda",19 June 2019 08:02
Kemenkeu Beberkan Sanksi yang Menanti Auditor Lapkeu Garuda,18 June 2019 15:19
"Drama Berlanjut, BEI Periksa Lapkeu Kuartal I Garuda",18 June 2019 11:16
Simak! Sri Mulyani Beri Ultimatum Auditor Lapkeu Garuda,17 June 2019 19:43
"Waduh, Lapkeu Garuda 2018 Diduga Tak Sesuai Standar Akuntansi",17 June 2019 08:56
"Saham Gudang Garam Diobral, Audit Garuda tak Sesuai Standar",17 June 2019 07:29
Kemenkeu: Audit Lapkeu Garuda Tak Sesuai Standar Akuntansi,14 June 2019 13:10
"Tiket Mahal, Maskapai Bukan Satu-satunya yang Tanggung Jawab",13 June 2019 13:25
"Dari BSDE Hingga AALI, Simak Saham Rekomendasi Broker",13 June 2019 08:45
"Dari INDY hingga GJTL, Saham Apa yang Menarik Rabu Ini?",12 June 2019 08:25
Kata Siapa Tiket Pesawat Garuda Mahal? Simak Kata Luhut Nih,11 June 2019 12:26
"Dianggap Mahal, Rini Akan Review Harga Tiket Garuda",10 June 2019 16:56
"Maskapai Berdarah-darah, Saham Garuda & AirAsia Malah Hijau",10 June 2019 12:49
"Tiket Mahal, Penumpang Garuda Selama Mudik 2019 Turun 5%",08 June 2019 16:40
"Dituduh Lakukan Praktik Duopoli, Ini Jawaban Garuda Indonesia",08 June 2019 11:09
Bahayakah Maskapai Asing Menggarap Rute Domestik?,03 June 2019 13:35
"Bursa Saham Buka 10 Juni, Simak Aksi Emiten Sepekan Ini",02 June 2019 11:25
"Didenda Rp 188 M di Australia, Garuda Buka Suara",31 May 2019 14:41
"Soal Lapkeu Garuda, Kejutan Apa yang Bakal Disampaikan BPK?",29 May 2019 16:00
BPK: Hasil Audit Lapkeu Garuda Diumumkan Usai Lebaran,29 May 2019 11:55
Maskapai Mana yang Terdampak Harga Tiket? Ini Analisis Fitch,23 May 2019 13:45
"Kurang Katalis, Harga Saham Garuda Maintenance Stagnan",22 May 2019 12:33
Ini Penjelasan Garuda Jika Mahata Tak Bayar Pemasangan WiFi,22 May 2019 11:39
"Unilever Bagi Dividen Rp 9 T, Antam Serius Produksi Baterai",22 May 2019 08:01
"Molor dari Jadwal, Kajian Holding Penerbangan Belum Rampung",21 May 2019 20:48
"Kebanyakan Diskon, Garuda Rugi US$ 12 Juta di April",21 May 2019 20:37
"Rugi, Garuda Tutup Beberapa Rute Dalam Negeri & Luar Negeri",21 May 2019 19:47
"Dari Rugi Tiba-Tiba Untung, Ini Penjelasan Bos Garuda",21 May 2019 18:09
"Dipanggil DPR, Bos Garuda Jelaskan Biaya Harga Tiket",21 May 2019 17:36
"Di Hadapan DPR, Bos Garuda Beri Penjelasan Soal Mahata",21 May 2019 16:50
"Garuda Akan Diminta Restatement Lapkeu, Asal...",21 May 2019 13:09
Ssst..! BPK Serius Periksa Laporan Keuangan Garuda,20 May 2019 13:40
Cari Inspirasi Trading Saham? Simak Dulu Kabar Emiten Ini,17 May 2019 08:04
"Harga Tiket Pesawat Harus Turun Besok, Apa Respons Garuda?",16 May 2019 17:02
"Piutang Belum Dibayar, Garuda Kok Masih Pede Gandeng Mahata",16 May 2019 12:56
"Sudah ada Aturan Baru, Benarkah Tiket Pesawat Masih Mahal?",16 May 2019 12:40
"Antam-Inalum Bangun Smelter Alumina, BRI Rombak Komisaris",16 May 2019 08:07
"Jawaban Garuda Belum Jelas, BEI Minta Penjelasan Ulang",15 May 2019 13:51
"Dituding Picu Tiket Mahal, Pertamina: Avtur Kami Kompetitif!",15 May 2019 08:49
Ekspansi Antam sampai Gagalnya Bank Mandiri Akuisisi Permata,15 May 2019 08:12
Ini Update Terbaru Ikatan Akuntan Publik Soal Lapkeu Garuda,14 May 2019 18:07
"Kisruh Laba Janggal Garuda, BEI Konsultasi Sana-sini",13 May 2019 12:26
"Semen Indonesia Restatement Lapkeu, BEI Ragukan Bisnis TAXI",13 May 2019 07:57
"Belum Yakin, BEI Butuh Masukan Lagi Soal Lapkeu Garuda",10 May 2019 11:50
"Tekan Biaya Logistik, Kargo Garuda Siap Pakai Drone",09 May 2019 15:03
Kontrak Wifi kok Sampai 15 Tahun? Ini Alasan Garuda,09 May 2019 13:18
"Garuda Jelaskan Kontrak Mahata, Inalum Serap Saham Bukit Asam",09 May 2019 07:47
Kenapa Garuda Indonesia Berani Teken Kontrak dengan Mahata?,09 May 2019 04:37
"BPK Tengah Periksa Laporan Keuangan GIAA, What's Next?",08 May 2019 19:53
Garuda Ngotot Catat Piutang Mahata Tak Salahi Aturan,08 May 2019 12:26
"Jelang Paparan Publik, Saham Garuda Melesat Hampir 4%",08 May 2019 09:34
Hal ini Buat Garuda Pede Mahata Tak Ngemplang Utang Triliunan,08 May 2019 04:24
"Terungkap, Kewajiban Mahata di Kontrak Rp 3,46 T dengan GIAA",07 May 2019 22:40
"Laba XL Meroket 271%, Garuda Belum Terima Uang dari Mahata",07 May 2019 07:46
"Kejanggalan Laba Garuda, Auditor Klaim Sudah Sesuai PSAK",06 May 2019 19:31
"Baru Berumur 11 Bulan, Mahata Kok Dapat Kontrak Rp 3,46 T",06 May 2019 18:55
Ketahuan! Garuda Belum Terima Sepeser pun dari Mahata,06 May 2019 18:24
10 Jawaban Garuda Terkait Janggalnya Laba & Misteri Mahata,06 May 2019 17:43
"CEO Indosat Mundur, Rini Jawab Soal Mahalnya Tiket Garuda",06 May 2019 08:19
Menteri Rini: Tidak Mungkin Saya Turunkan Harga Tiket Garuda,05 May 2019 19:30
"Periksa Laporan Laba Garuda, OJK Libatkan Ikatan Akuntan",03 May 2019 15:18
"Diminta Menhub Turunkan Harga Tiket, Apa Kata Menteri BUMN?",03 May 2019 14:39
Kementerian BUMN tak Bisa Paksa Garuda Turunkan Harga Tiket,03 May 2019 14:14
"Laba 2018 Janggal, BEI Siap Beri Sanksi Garuda Indonesia!",03 May 2019 13:38
"Lapkeu Garuda Janggal, Kemen BUMN: Serahkan ke Regulator",03 May 2019 12:27
"Laporan Laba Janggal, OJK Minta BEI Periksa Manajemen Garuda",02 May 2019 20:22
Investor: Lapkeu Janggal Garuda Harus Diselesaikan OJK,02 May 2019 17:07
"Laba Garuda Janggal, Sri Mulyani Minta Sekjen Periksa",30 April 2019 17:26
"Kerja Sama Rp 3,4 T dengan Garuda, Ini Orang di Balik Mahata",30 April 2019 14:43
"Ini Penampakan Kantor Mahata, Penyedia Wifi untuk Garuda",30 April 2019 12:23
"Dipanggil Bursa, Direksi Garuda Diam-diam 'Melengos' dari BEI",30 April 2019 11:12
"Lapkeu Janggal, Petinggi Garuda Sambangi Bursa Pagi Ini",30 April 2019 07:27
"Dicecar BEI soal Laba Janggal, Ini Jawaban Manajemen Garuda!",29 April 2019 19:56
"Soal Tiket Mahal, Menhub: Garuda Tak Langgar Batas Atas",29 April 2019 19:23
"Ada Wifi Disediakan Mahata, Menhub Tanya Keamanan Garuda",29 April 2019 18:31
"4 Kejanggalan Lapkeu Garuda, Nomor 3 Patut Dicermati!",29 April 2019 18:13
OJK Masih Telaah Laporan Keuangan Garuda yang Janggal,29 April 2019 18:09
Kian Heboh! Menhub akan Pelajari Lapkeu Garuda yang Janggal,29 April 2019 17:56
Perhatian! BEI Panggil Manajemen Garuda & Auditor Besok,29 April 2019 17:07
"Oalah, Ancaman Mogok Karyawan Garuda Ternyata Hoax!",29 April 2019 15:56
"Kisruh Laporan Keuangan, DPR Akan Panggil Direksi Garuda!",29 April 2019 11:05
"Lapkeu Janggal, Investor Berpotensi Cuekin Saham Garuda",29 April 2019 10:23
"Boy Thohir Suntik Tri, Bali United Siap Merumput di Bursa",29 April 2019 08:20
Ketika Menteri Perhubungan 'Menyerah' Soal Tiket Pesawat,29 April 2019 07:21
"Ada Ancaman Mogok, Menhub Surati Serikat Pekerja Garuda",28 April 2019 09:37
"Bocor Surat Karyawan Garuda Ancam Mogok, Menhub: Sabar Dulu",27 April 2019 15:30
"Laporan Laba Janggal, Rini: Operasional Garuda Masih Rugi",26 April 2019 19:42
"Laporan Laba Garuda Janggal, Rini Klaim Telah Disetujui OJK",26 April 2019 18:26
"Lapkeu Garuda Janggal, Giliran OJK yang Panggil Manajemen",26 April 2019 13:44
Faisal Basri: Kinerja Garuda Buruk Karena Menteri BUMN,26 April 2019 13:30
"Lapkeu Janggal Masih Jadi Perhatian, Saham Garuda Naik 0,43%",26 April 2019 13:06
"Psst.. Lapkeu Garuda Janggal, Kemenkeu Panggil Auditornya!",26 April 2019 11:05
"BEI Ketemu Garuda Selasa, Kontrak dengan Mahata Dipertanyakan",26 April 2019 09:46
"Lapkeu Garuda Indonesia Dinilai Janggal, BPK Turun Tangan",26 April 2019 08:41
"Laporan Keuangan Garuda 'Diutak-atik', Laba BCA Tembus Rp 6 T",26 April 2019 07:34
"Sentimen Lapkeu Bikin Saham Garuda Anjlok 7,6%",25 April 2019 17:47
"Nilai Transaksi Mahata Ternyata Diubah, Garuda Aslinya Rugi!",25 April 2019 13:42
"Ada Keanehan pada Laba Garuda, Harusnya Lapkeu Jangan Dipoles",25 April 2019 13:32
Boleh Enggak Piutang Garuda Jadi Pendapatan? Ini Kata Akuntan,25 April 2019 13:23
"Laporan Laba Garuda Janggal, Ini Kata Menhub!",25 April 2019 12:58
"Lapkeu Janggal, Saham Garuda Kian Ambruk 4,4%",25 April 2019 12:52
"Jreeng! Lapkeu 'Janggal', Auditor Garuda Bakal Dipanggil BPK",25 April 2019 11:56
"Lapkeu Janggal, Manajemen Garuda Dipanggil BEI Pekan Depan",25 April 2019 11:35
"CEO-nya Berlabuh ke Garuda, GMF Tunjuk Plt Dirut Baru",25 April 2019 11:30
"Laporan Keuangan Dipertanyakan, Saham Garuda Anjlok 2,8%",25 April 2019 10:21
Noktah Merah Lapkeu Garuda & Penolakan 2 Komisaris Perusahaan,25 April 2019 08:38
"2 Komisaris Tolak Laporan Keuangan Garuda, Ini Penyebabnya",25 April 2019 08:31
"Laporan Keuangan Garuda Janggal, Antam Siap Akuisisi Vale",25 April 2019 08:20
"Laporan Laba Janggal, Ini Surat Komisaris Garuda Indonesia",24 April 2019 21:45
"Mahata, Broker Teknologi di Balik Keuntungan Garuda pada 2018",24 April 2019 19:28
"Laporan Keuangan Dipertanyakan, Ini Respons Manajemen Garuda",24 April 2019 18:52
"Perkara US$ 239 Juta, Laporan Keuangan Garuda Dipertanyakan",24 April 2019 18:42
Wah! Ada yang Aneh dari Laba Garuda pada 2018,24 April 2019 18:14
"2 Komisaris Tolak Laporan Keuangan Garuda 2018, Ada Apa?",24 April 2019 18:02
Garuda Rampingkan Jajaran Komisaris dan Direksi,24 April 2019 17:42
"Garuda Gelar RUPST Besok, Siap-siap Ada Pergantian Pengurus",23 April 2019 15:38
"Laba GMF Aero Asia Amblas 59% di Kuartal I, Apa Penekannya?",22 April 2019 13:38
"Dari AKRA hingga BBCA, Simak Saham Pilihan Awal Pekan Ini!",22 April 2019 08:35
Rini Bantah Minta Dana Holding BUMN Penerbangan,15 April 2019 12:08
"Penas Jadi Induk Holding Penerbangan, Perusahaan Apa Itu?",12 April 2019 08:30
"Penas, Perusahaan 'Mini' yang Akan Pimpin Holding BUMN Aviasi",11 April 2019 19:00
"Mau Buat Holding Penerbangan, Pemerintah Harus Lewati 3 Tahap",11 April 2019 08:08
Menguak Rencana Holding Penerbangan: Garuda sampai AirNav,11 April 2019 07:47
"Serbu, Garuda Indonesia Masih Punya 170 Ribu Tiket Promo!",08 April 2019 18:59
Mau Cuan? Mari Simak Rekomendasi Saham dari Broker,08 April 2019 08:25
"Rini Siapkan Holding AP I, AP II, dan Garuda Indonesia",05 April 2019 17:44
"Simak Valuasi Saham BUMN, SMBR Termahal & WSKT Termurah",04 April 2019 12:02
"Perhatian: Laba SMGR Melonjak, JPFA Genjot Produksi Ayam",04 April 2019 07:41
"Teken Perjanjian, GMF Layani Perbaikan Komponen Airbus",02 April 2019 14:24
"Sempat Hilang, Tiket Garuda Tersedia Lagi di Traveloka Cs",31 March 2019 06:42
"Tiket Hilang di Traveloka Cs, Garuda: Ada Gangguan Sistem",30 March 2019 12:28
"Ini Kata Garuda, Soal Aturan Baru Tiket Pesawat",29 March 2019 18:47
Kisah Boeing 737 MAX 8 yang Bikin Garuda Cs Kecewa,29 March 2019 08:11
"Kabar Emiten: HITS Terjerat KPK, Polemik AISA Berlanjut",29 March 2019 07:39
"Ke Petinggi Boeing, Bos Garuda Sebut 737 MAX 8 Tak Dipercaya",28 March 2019 18:45
"Temui Petinggi Boeing, Bos Garuda Ungkap Batal Beli 737 MAX 8",28 March 2019 18:22
"GIAA hingga ZINC, Simak Rekomendasi Saham Hari Ini",28 March 2019 08:29
"Kemarin Babak Belur, Kini Saham Garuda Terbang 4,33%",27 March 2019 11:49
Pemerintah Paksa Maskapai Turunkan Harga Tiket Pesawat?,26 March 2019 18:09
"Menhub akan Rilis Aturan Tarif Baru, Saham Garuda Anjlok 13%",26 March 2019 16:52
Ini Saham Pilihan Broker Saat Resesi AS Masih Menghantui,26 March 2019 08:18
"KPPU Endus Persaingan Tak Sehat Maskapai, Kok Bisa?",25 March 2019 19:16
"Dari HMSP hingga UNVR, Simak Saham Pilihan Hari Ini",25 March 2019 08:46
Polemik Boeing: Larangan Terbang hingga Ditinggal Pelanggan,25 March 2019 08:14
Wow! Rini Sebut Garuda Indonesia Raih Laba Rp 100 M pada 2018,22 March 2019 13:29
"Menteri Rini: 2014 BUMN Untung Rp 143 T, Sekarang Rp 190 T",22 March 2019 13:13
"Batal Beli 49 Unit Boeing 737 MAX 8, Saham Garuda Jatuh 5%",22 March 2019 11:04
Garuda Batalkan Pemesanan 49 Unit Pesawat Boeing 737 MAX 8,21 March 2019 21:42
"Sediakan Wifi, Citilink Target 18 Juta Penumpang 2019",21 March 2019 13:22
Malaysia Airlines Galau Soal Rencana Beli Boeing 737 MAX 8,15 March 2019 16:20
"Dilarang Terbang, Ramai-ramai Minta Ganti Rugi ke Boeing",15 March 2019 08:27
"737 MAX Bermasalah, Garuda Bakal Minta Kompensasi ke Boeing",14 March 2019 18:00
"Mau Batalkan 20 Boeing 737 MAX, Garuda: Tunggu Investigasi",14 March 2019 16:20
"Larangan Terbang Boeing 737 Max 8, Saham Garuda Turun 1,67%",14 March 2019 13:28
Perhatikan 5 Aksi Korporasi Ini! Siapa Tahu Cocok Dibeli,14 March 2019 09:44
"Coba Peruntungan, Cari Cuan dari Saham-saham Ini",14 March 2019 08:42
Apa Kabar Kemitraan AirAsia-Citilink? Ini Kata Bos AirAsia,13 March 2019 18:58
Akankah Garuda Batalkan Pemesanan Boeing 737 MAX?,13 March 2019 17:37
"Tragedi Ethiopian, Garuda Inspeksi Ekstra Boeing 737 MAX 8",11 March 2019 19:17
Garuda Siap Hentikan Sementara Penerbangan Boeing 737 MAX 8,11 March 2019 17:51
"Rekomendasi Saham Hari Ini, dari Antam hingga Adaro Energy",11 March 2019 08:28
"Nyepi 2019 Usai, Saham 3G Diramalkan Bakal Cuan",07 March 2019 21:00
"Sentuh Rp 630, Harga Saham Garuda Tertinggi dalam 6 Tahun",06 March 2019 18:50
Asa AirAsia Caplok Citilink & Tawaran Aliansi Strategis GIAA,05 March 2019 10:18
"Diincar AirAsia, Ini Kinerja Citilink di Awal 2019",05 March 2019 08:50
"Garuda Order Airbus 330 Neo, Berapa Harganya?",04 March 2019 17:50
"Borong 9 Unit Airbus 330 Neo, Garuda Nego Harga ke Airbus",04 March 2019 17:03
"Mau Diakuisisi AirAsia, Citilink Pede dengan Kinerja 2019",04 March 2019 15:27
"Garuda Caplok Sriwijaya, Saham GMFI Terbang 6,35%",04 March 2019 13:25
"Kargo udara, Garuda Bakal Gandeng Go-Jek Atau Grab?",04 March 2019 12:43
Ini Alasan AirAsia Mau Caplok Citilink,04 March 2019 11:19
Kok Baru Sekarang Beli Sriwijaya? Ini Alasan Bos Garuda,04 March 2019 10:52
"Caplok Sriwijaya, Garuda Akan Konversi Piutang Rp 812 M",04 March 2019 10:28
"Maaf AirAsia Tak Minat KSO Sama Garuda, Mau Akuisisi Citilink",04 March 2019 09:35
"Digiring Sentimen Garuda, Saham GMFI Melejit 6%",01 March 2019 11:33
"Bakal Caplok Sriwijaya Air, Saham Garuda Melejit 4%",01 March 2019 09:48
Garuda Resmi Caplok Sriwijaya Hingga Laba BCA Capai Rp 26 T,01 March 2019 08:40
Garuda Siap Caplok 51% Saham Sriwijaya,28 February 2019 20:21
"Yeay! Garuda Sebentar Lagi Terbang ke LA, Moskow & Istanbul",28 February 2019 18:45
"Soal AirAsia, Bos Garuda: Kami Tunggu Proposal Dulu",28 February 2019 18:09
Ini Alasan Freeport Sulit Listing di BEI,27 February 2019 17:35
Siap Tempur di Awal Pekan? Simak Rekomendasi Saham Broker Ini,25 February 2019 08:50
Terungkap! Alasan Dirut Garuda Turunkan Harga Tiket Pesawat,15 February 2019 17:15
Live! Bos Garuda Indonesia Buka-bukaan Harga Tiket dan Avtur,15 February 2019 14:50
"Harga Tiket Pesawat Sudah Turun, Kapan Avtur Menyusul?",14 February 2019 13:10
"Harga Tiket Pesawat Turun 20%, Saham Garuda Merosot",14 February 2019 10:42
"Hore! Tiket Garuda, Citilink, dan Sriwijaya Air Turun 20%",14 February 2019 08:04
"Perhatian: AKRA Siap Berbisnis Avtur, Armada Berjaya Akan IPO",14 February 2019 07:57
"Harga Avtur Turun, Saham Garuda Terbang Lagi",13 February 2019 12:38
"Antara Jokowi, Harga Avtur & Kinerja Emiten Penerbangan",12 February 2019 12:15
"Penumpang Sepi, Maskapai Pilih Berbenah Diri",10 February 2019 14:41
"Low Season, Garuda Indonesia Kurangi Jumlah Penerbangan",10 February 2019 13:14
"Hadapi Turbulensi, Bagaimana Nasib Bisnis Maskapai di 2019?",10 February 2019 10:09
"Sebentar Lagi, Go-Jek Jadi Mitra Logistik Garuda Indonesia",09 February 2019 07:45
Luhut: Airbus Mau Garap Perawatan Pesawat Garuda dan Lion Air,04 February 2019 13:50
"Naik Tinggi Kemarin, Begini Arah Pergerakan CLAY & GIAA",01 February 2019 08:54
"Pasar Positif, Saham Garuda 'Cuan' 44,59% Sepekan",31 January 2019 19:26
"Teken Kontrak dengan Inmarsat, Saham Garuda Melesat 5%",31 January 2019 10:43
Manuver Citilink: Dari Bagasi Berbayar Hingga Ekspansi Global,29 January 2019 11:14
Tarif Bagasi Citilink Mulai Rp 9.000 per Kg,28 January 2019 19:42
"Demi Survive, Ini Ramuan Citilink Tekan Biaya Operasional",28 January 2019 18:15
Catat! Mulai 8 Februari Tak Ada Bagasi Gratis Citilink,28 January 2019 16:40
"Tiket Pesawat Mahal, Garuda Kok Berani Kasih Diskon 70%?",27 January 2019 07:47
"Terbang ke London, Garuda Incar Turis & Pebisnis Eropa",26 January 2019 16:56
Ini Bocoran Rencana Garuda Naikkan Profit,26 January 2019 13:41
Sabar! Hasil Investigasi Dugaan Kartel Maskapai Segera Rilis,23 January 2019 13:30
Sah! Garuda Terbang ke London-Denpasar Tiga Kali Seminggu,23 January 2019 13:24
"Ada Dugaan Kartel, Saham Garuda dan GMF Justru Diburu",23 January 2019 11:23
Garuda Buka-Bukaan Soal KSO dengan Sriwijaya & Air Asia,21 January 2019 12:30
Begini Strategi Garuda di Sriwijaya,21 January 2019 09:57
"Jelang Perdagangan Dibuka, Perhatikan 8 Aksi Emiten Ini",21 January 2019 08:24
,
Anak Usaha Garuda & Lion Kerja Sama Perawatan Pesawat,18 January 2019 13:31
"Gara-gara IPO BUMN Sepi, BEI Dekati Pemerintah",16 January 2019 12:54
"IHSG Tembus Level 6.400, Simak 5 Aksi Emiten Ini",16 January 2019 08:15
"Harga Tiket Turun, Maskapai Desak Harga Avtur Kompetitif",15 January 2019 21:13
Catat! Bos Garuda Beberkan Trik Cari Tiket Murah,15 January 2019 20:49
"Disebut Prabowo Bangkrut, Ini Jawaban Bos Garuda",15 January 2019 16:06
"Bisnis Maskapai Masih Berat di 2019, Ini Masalahnya",14 January 2019 18:34
"Banyak yang Rugi, Prabowo: BUMN Satu-Persatu Bangkrut!",14 January 2019 11:18
"Wah, Ada Live Music Akustik di Penerbangan Garuda",10 January 2019 15:03
"Dari BBRI sampai GIAA, Simak Aksi Emiten-emiten Ini",04 January 2019 08:07
"Jalin KSO Sriwijaya Air & AirAsia, Saham Garuda Naik 7%",03 January 2019 10:53
"Simak, Stock Split dan Ekspansi Kredit Warnai Kabar Emiten",28 December 2018 07:46
"Saham Garuda Bangkit, Naik 10,74% Dalam Sehari",27 December 2018 16:51
"Dari BTPN sampai Garuda, Cermati Emiten Ini Usai Libur Natal",26 December 2018 08:05
Begini Tanggapan AirAsia Soal Kerja Sama dengan Garuda,21 December 2018 19:53
Garuda Bantu Sriwijaya Lunasi Utang Triliunan ke BUMN,21 December 2018 14:59
"Harga Tiket Garuda Turun, Perseroan Optimistis Cetak Laba",21 December 2018 13:44
Garuda Diprediksi Bisa Untung di Tahun Ini,21 December 2018 12:32
"Mirip Garuda, Ini Bocoran Seragam Baru Pramugari Sriwijaya",16 December 2018 18:05
Pesawat Sriwijaya Air Kini Pakai Logo Garuda Indonesia,16 December 2018 17:14
Keren! Ini Penampakan Pramugari 'Old Style' Garuda Indonesia,07 December 2018 12:01
"Pekan Sempurna Bagi IHSG, Minggu Ini Naik 2,35%",17 November 2018 13:05
Komut Garuda: Keuangan Sriwijaya Kurang Sehat,15 November 2018 19:12
"Garuda Caplok Sriwijaya, Win-win Solution Industri Aviasi RI?",15 November 2018 15:17
Luar Biasa! Saham Garuda Meroket 25% Usai Ambil Sriwijaya Air,15 November 2018 14:15
"Ketularan Garuda, Saham GMFI Ikut Terbang 8,41%",15 November 2018 10:34
"Caplok Sriwijaya Air, Saham Garuda Terbang 17%",15 November 2018 09:25
"Garuda Caplok Sriwijaya, Industri Penerbangan Lagi Tak Sehat?",15 November 2018 08:48
"Garuda Caplok Sriwijaya, Lion: Kami Belum Paham yang Terjadi",14 November 2018 17:32
Pendiri Sriwijaya Air Bicara Soal Ambil Alih Oleh Garuda,14 November 2018 17:08
"Diambil Alih Garuda, Sriwijaya Alami Kesulitan Finansial?",14 November 2018 16:53
"Incar 51% Market Share, Garuda Caplok Sriwijaya Air",14 November 2018 16:22
"Setelah KSO, Garuda Bakal Beli Saham Sriwijaya Air Group?",14 November 2018 16:05
Garuda Ambil Alih Operasional & Finansial Sriwijaya Air Group,14 November 2018 15:52
"Rugi Selisih Kurs, GMFI Perbesar Pasar Internasional",06 November 2018 17:18
"Tragedi Lion Air, Kemenhub Minta Boeing 737 Max 8 Diperiksa",30 October 2018 14:49
"Pesawat Lion Air Kecelakaan, Dua Saham Ini Kena Imbas",30 October 2018 09:38
"GMF AeroAsia Terima Pinjaman Rp 1,09 T dari BNI",25 October 2018 17:38
BNI Beri Pinjaman ke Garuda Indonesia US$ 200 Juta,11 October 2018 18:38
"Diberitakan Kerja Sama dengan KLM, Harga Saham GMF Terbang",10 October 2018 12:56
"Bursa Asia Melemah, Ini Saham Pilihan Rekomendasi dari Broker",08 October 2018 08:46
"Saham Anak Garuda Membumbung, Siap-Siap Melaju atau Menukik?",02 October 2018 08:23
"Jelang Pertemuan IMF-World Bank, Saham-Saham Ini Bisa Dilirik",01 October 2018 12:47
Jusman Syafii Djamal Jadi Komut PT Kereta Api Indonesia,14 September 2018 15:08
"Pertamina Butuh Bankir, Lagi-Lagi Direksi Dirombak",14 September 2018 08:27
"IHSG Cenderung Naik, 4 Saham Ini Masih Berpotensi Mengikuti",14 September 2018 07:34
Pahala Mansury Resmi Jadi Direktur Keuangan Pertamina,13 September 2018 10:31
"IHSG Cenderung Terkoreksi, 4 Saham Ini Masih Berpotensi Naik",13 September 2018 08:27
"Dari ANTM hingga FILM, Cermati Kabar Emiten sebelum Transaksi",13 September 2018 07:51
"Perbaiki Kinerja, Ini yang Akan Dilakukan Bos Baru Garuda",12 September 2018 20:22
"Punya Bos Baru, Garuda Masih Evaluasi Penerbitan Global Bond",12 September 2018 19:55
Janji Ari Askhara: Garuda di Halim & Gaji Karyawan,12 September 2018 18:05
"Jadi Dirut Garuda, Ari Ashkara Fokus Tekan Kerugian",12 September 2018 17:53
"Dicopot dari Garuda, Hijrah ke Mana Pahala Mansury?",12 September 2018 17:30
Rombak Besar-besaran Pejabat Garuda Indonesia,12 September 2018 17:16
"Garuda Rombak Direksi dan Komisaris, Ini Formasi Terbaru!",12 September 2018 17:04
"Saham Garuda Indonesia Bangkit Saat RUPS, Simak Proyeksinya!",12 September 2018 15:36
Rini Ungkap Alasan Copot Pahala Mansury dari Dirut Garuda,12 September 2018 14:57
Ari Ashkara Akui 99% Akan Jadi Dirut Garuda Indonesia,12 September 2018 14:21
Bongkar Pasang Kursi Panas Direktur Utama Garuda Indonesia,12 September 2018 13:37
"Sahamnya Melesat 7%, Begini Kinerja Keuangan Garuda Indonesia",12 September 2018 12:03
"Jelang RUPS, Saham Garuda Indonesia Melesat 7%",12 September 2018 10:46
"Garuda 2 Hari Lagi Ganti Direksi, Ini Formasi Sekarang",10 September 2018 15:47
"Direksi Garuda Indonesia Dirombak, Pahala Mansury Diganti?",10 September 2018 15:25
Harga Tiket Pesawat Naik Tak Sesuai Harapan Maskapai,28 August 2018 11:49
Kisruh AISA & Saham FILM yang Meroket Warnai IHSG Pekan Lalu,27 August 2018 07:47
Dirut Garuda: Orang Sukses Selalu Haus Belajar,25 August 2018 19:06
"Garuda Akan Diguyur Pinjaman Rp 4,3 T di Awal September",25 August 2018 18:45
Garuda Indonesia Rugi Rp 29 M akibat Gempa Lombok,25 August 2018 18:08
Cermati Kembali Kabar Emiten-emiten Ini sebelum Pasar Dibuka,24 August 2018 08:11
Cermati Kabar Emiten-emiten Ini Sebelum Pasar Dibuka,13 August 2018 08:43
"Garuda Indonesia Finalisasi Pinjaman Rp 4,3 T",09 August 2018 14:38
Tahukah Anda Kalau Garuda Juga Angkut Nuklir & Mobil McLaren?,06 August 2018 18:00
"Lagi, SMF Terbitkan Produk Investasi EBA SP Senilai Rp 2 T",02 August 2018 12:56
"Fokus Kurangi Beban Utang, Garuda Cari Alternatif Refinancing",31 July 2018 15:24
Sah! Garuda Catatkan KIK-EBA di Bursa,31 July 2018 10:09
"Laba Elnusa Naik 8 Kali Lipat, Garuda Tekan Rugi 60%",31 July 2018 08:41
"Garuda Tunda Terbitkan Obligasi Global Rp 10,8 T",30 July 2018 19:53
"Avtur Mahal & Rupiah Lemah, Garuda Tak Datangkan Pesawat Baru",30 July 2018 19:23
"Pendapatan Operasional Naik, Garuda Tekan Rugi 60%",30 July 2018 16:40
"Meski Avtur Naik & Rupiah Melemah, Garuda Bisa Tekan Kerugian",27 July 2018 13:18
"Terbitkan KIK-EBA, Garuda Refinancing Utang Jatuh Tempo",27 July 2018 12:48
"Pekan Lalu, MPPA Rights Issue dan Net TV Ungkap Rencana IPO",09 July 2018 07:57
"TBIG Terbitkan Obligasi, GIAA Lunasi Kewajiban Rp 2 T",06 July 2018 08:10
Garuda Lunasi Obligasi Rp 2 T,05 July 2018 16:32
"Semester I, Kontribusi Pendapatan GMFI Non-Garuda Tumbuh 44%",03 July 2018 14:32
"Laba BRPT Turun 60,93%, GIAA Terbitkan KIK-EBA Rp 4 T",03 July 2018 07:58
"Jaminkan Rute Haji, Garuda Terbitkan KIK-EBA Rp 4 T",02 July 2018 14:51
Simak 7 Sentimen Penggerak Pasar Pekan Depan,17 June 2018 18:55
"RI Lolos EU Flight Ban, Garuda Kaji Buka Rute ke Prancis",15 June 2018 20:54
Garuda Gandeng Pilot Militer Operasikan Boeing 737-800 NG,11 June 2018 15:31
"Garuda Gandeng Pelni, Incar Pendapatan Rp 3 T di Bisnis Kargo",24 May 2018 10:23
Garuda Batalkan Empat Penerbangan ke Yogyakarta PP,11 May 2018 12:22
"Laba BRI Tumbuh 11,3%, Garuda Berhasil Tekan Kerugian",04 May 2018 08:45
Garuda akan Refinancing Utang Jatuh Tempo Rp 2 T Tahun Ini,03 May 2018 19:51
"Kinerja Membaik, Garuda Tekan Rugi Pada Kuartal I-2018",03 May 2018 17:55
Garuda Hedging Avtur Buntut dari Dolar AS Nyaris Rp 14.000,27 April 2018 10:45
"DILD dan GIAA Terbitkan Obligasi, Direksi Beli Saham BBCA",23 April 2018 08:23
Pemegang Saham Restui Garuda Terbitkan Obligasi Rp 10 T,19 April 2018 15:09
"GIAA Terbitkan Obligasi, PPRO dan MLBI Bagi Dividen",18 April 2018 08:08
"Refinancing Utang, Garuda Terbitkan Obligasi Global Rp 10 T",17 April 2018 18:35
Ini Promo Tiket dan Paket Wisata di Garuda Travel Fair,06 April 2018 17:21
Target Transaksi Garuda Travel Fair 2018 Rp 500 M,06 April 2018 13:56
Citilink Siapkan Asuransi Instan Bagi Penumpang Pesawat,19 March 2018 18:08
"Refinancing Utang, GIAA Terbitkan Global Bond Rp 10,3 Triliun",13 March 2018 17:42
"Evaluasi Rute, Garuda Bidik Laba Bersih Rp 117 M Tahun Ini",26 February 2018 19:50
Garuda Indonesia Berhasil Tekan Kerugian Pada 2017,26 February 2018 18:55
"Harga Avtur Melonjak, Garuda Naikkan Tiket Penerbangan",24 February 2018 13:33
Harga Avtur Naik Cukup Signifikan Dalam 6 Bulan Terakhir,24 February 2018 11:07
"Maret 2018, GIAA Terbitkan Global Bond US$500 Juta",21 February 2018 13:25
"Garuda Berencana Terbitkan Obligasi Rp 10,12 T Tahun Ini",09 February 2018 13:48
"Garuda Incar Pendapatan 2018 Naik 12% Menjadi Rp 48,6 T",23 January 2018 16:08
"GMF AeroAsia Akan Lepas Saham Senilai Rp 2,7 T ke Asing",22 January 2018 18:54
"Tambah Modal, GMF AeroAsia Lepas Lagi 10% Saham ke Investor",20 January 2018 18:05
